review_text,rating,sentiment
Customer care service is delayed and chat option is missing.,1,Negative
Coupon application failed and payment got stuck.,2,Negative
No refunds for missing items and no response from support.,3,Neutral
Coupon applied successfully but not reflected in bill.,4,Positive
False pricing shown compared to restaurant menu.,5,Positive
UPI payment frequently fails.,1,Negative
Help section is useless and no call option available.,2,Negative
Delivery availability status changes frequently.,3,Neutral
Restaurant branch location is not specified.,4,Positive
App crashes during payment stage.,5,Positive
Wrong delivery address selected automatically.,1,Negative
Maps are difficult to use for pinning address.,2,Negative
App shows incorrect city location.,3,Neutral
Login issues after reinstalling the app.,4,Positive
Coupon removed after payment failure.,5,Positive
Food delivery is delayed due to technical issues.,1,Negative
App displays blank screen after update.,2,Negative
Order status is not updated correctly.,3,Neutral
Address update process is complicated.,4,Positive
Frequent app glitches and crashes.,5,Positive
Customer care service is delayed and chat option is missing.,1,Negative
Coupon application failed and payment got stuck.,2,Negative
No refunds for missing items and no response from support.,3,Neutral
Coupon applied successfully but not reflected in bill.,4,Positive
False pricing shown compared to restaurant menu.,5,Positive
UPI payment frequently fails.,1,Negative
Help section is useless and no call option available.,2,Negative
Delivery availability status changes frequently.,3,Neutral
Restaurant branch location is not specified.,4,Positive
App crashes during payment stage.,5,Positive
Wrong delivery address selected automatically.,1,Negative
Maps are difficult to use for pinning address.,2,Negative
App shows incorrect city location.,3,Neutral
Login issues after reinstalling the app.,4,Positive
Coupon removed after payment failure.,5,Positive
Food delivery is delayed due to technical issues.,1,Negative
App displays blank screen after update.,2,Negative
Order status is not updated correctly.,3,Neutral
Address update process is complicated.,4,Positive
Frequent app glitches and crashes.,5,Positive
Customer care service is delayed and chat option is missing.,1,Negative
Coupon application failed and payment got stuck.,2,Negative
No refunds for missing items and no response from support.,3,Neutral
Coupon applied successfully but not reflected in bill.,4,Positive
False pricing shown compared to restaurant menu.,5,Positive
UPI payment frequently fails.,1,Negative
Help section is useless and no call option available.,2,Negative
Delivery availability status changes frequently.,3,Neutral
Restaurant branch location is not specified.,4,Positive
App crashes during payment stage.,5,Positive
Wrong delivery address selected automatically.,1,Negative
Maps are difficult to use for pinning address.,2,Negative
App shows incorrect city location.,3,Neutral
Login issues after reinstalling the app.,4,Positive
Coupon removed after payment failure.,5,Positive
Food delivery is delayed due to technical issues.,1,Negative
App displays blank screen after update.,2,Negative
Order status is not updated correctly.,3,Neutral
Address update process is complicated.,4,Positive
Frequent app glitches and crashes.,5,Positive
Customer care service is delayed and chat option is missing.,1,Negative
Coupon application failed and payment got stuck.,2,Negative
No refunds for missing items and no response from support.,3,Neutral
Coupon applied successfully but not reflected in bill.,4,Positive
False pricing shown compared to restaurant menu.,5,Positive
UPI payment frequently fails.,1,Negative
Help section is useless and no call option available.,2,Negative
Delivery availability status changes frequently.,3,Neutral
Restaurant branch location is not specified.,4,Positive
App crashes during payment stage.,5,Positive
Wrong delivery address selected automatically.,1,Negative
Maps are difficult to use for pinning address.,2,Negative
App shows incorrect city location.,3,Neutral
Login issues after reinstalling the app.,4,Positive
Coupon removed after payment failure.,5,Positive
Food delivery is delayed due to technical issues.,1,Negative
App displays blank screen after update.,2,Negative
Order status is not updated correctly.,3,Neutral
Address update process is complicated.,4,Positive
Frequent app glitches and crashes.,5,Positive
Customer care service is delayed and chat option is missing.,1,Negative
Coupon application failed and payment got stuck.,2,Negative
No refunds for missing items and no response from support.,3,Neutral
Coupon applied successfully but not reflected in bill.,4,Positive
False pricing shown compared to restaurant menu.,5,Positive
UPI payment frequently fails.,1,Negative
Help section is useless and no call option available.,2,Negative
Delivery availability status changes frequently.,3,Neutral
Restaurant branch location is not specified.,4,Positive
App crashes during payment stage.,5,Positive
Wrong delivery address selected automatically.,1,Negative
Maps are difficult to use for pinning address.,2,Negative
App shows incorrect city location.,3,Neutral
Login issues after reinstalling the app.,4,Positive
Coupon removed after payment failure.,5,Positive
Food delivery is delayed due to technical issues.,1,Negative
App displays blank screen after update.,2,Negative
Order status is not updated correctly.,3,Neutral
Address update process is complicated.,4,Positive
Frequent app glitches and crashes.,5,Positive
Customer care service is delayed and chat option is missing.,1,Negative
Coupon application failed and payment got stuck.,2,Negative
No refunds for missing items and no response from support.,3,Neutral
Coupon applied successfully but not reflected in bill.,4,Positive
False pricing shown compared to restaurant menu.,5,Positive
UPI payment frequently fails.,1,Negative
Help section is useless and no call option available.,2,Negative
Delivery availability status changes frequently.,3,Neutral
Restaurant branch location is not specified.,4,Positive
App crashes during payment stage.,5,Positive
Wrong delivery address selected automatically.,1,Negative
Maps are difficult to use for pinning address.,2,Negative
App shows incorrect city location.,3,Neutral
Login issues after reinstalling the app.,4,Positive
Coupon removed after payment failure.,5,Positive
Food delivery is delayed due to technical issues.,1,Negative
App displays blank screen after update.,2,Negative
Order status is not updated correctly.,3,Neutral
Address update process is complicated.,4,Positive
Frequent app glitches and crashes.,5,Positive
Customer care service is delayed and chat option is missing.,1,Negative
Coupon application failed and payment got stuck.,2,Negative
No refunds for missing items and no response from support.,3,Neutral
Coupon applied successfully but not reflected in bill.,4,Positive
False pricing shown compared to restaurant menu.,5,Positive
UPI payment frequently fails.,1,Negative
Help section is useless and no call option available.,2,Negative
Delivery availability status changes frequently.,3,Neutral
Restaurant branch location is not specified.,4,Positive
App crashes during payment stage.,5,Positive
Wrong delivery address selected automatically.,1,Negative
Maps are difficult to use for pinning address.,2,Negative
App shows incorrect city location.,3,Neutral
Login issues after reinstalling the app.,4,Positive
Coupon removed after payment failure.,5,Positive
Food delivery is delayed due to technical issues.,1,Negative
App displays blank screen after update.,2,Negative
Order status is not updated correctly.,3,Neutral
Address update process is complicated.,4,Positive
Frequent app glitches and crashes.,5,Positive
Customer care service is delayed and chat option is missing.,1,Negative
Coupon application failed and payment got stuck.,2,Negative
No refunds for missing items and no response from support.,3,Neutral
Coupon applied successfully but not reflected in bill.,4,Positive
False pricing shown compared to restaurant menu.,5,Positive
UPI payment frequently fails.,1,Negative
Help section is useless and no call option available.,2,Negative
Delivery availability status changes frequently.,3,Neutral
Restaurant branch location is not specified.,4,Positive
App crashes during payment stage.,5,Positive
Wrong delivery address selected automatically.,1,Negative
Maps are difficult to use for pinning address.,2,Negative
App shows incorrect city location.,3,Neutral
Login issues after reinstalling the app.,4,Positive
Coupon removed after payment failure.,5,Positive
Food delivery is delayed due to technical issues.,1,Negative
App displays blank screen after update.,2,Negative
Order status is not updated correctly.,3,Neutral
Address update process is complicated.,4,Positive
Frequent app glitches and crashes.,5,Positive
Customer care service is delayed and chat option is missing.,1,Negative
Coupon application failed and payment got stuck.,2,Negative
No refunds for missing items and no response from support.,3,Neutral
Coupon applied successfully but not reflected in bill.,4,Positive
False pricing shown compared to restaurant menu.,5,Positive
UPI payment frequently fails.,1,Negative
Help section is useless and no call option available.,2,Negative
Delivery availability status changes frequently.,3,Neutral
Restaurant branch location is not specified.,4,Positive
App crashes during payment stage.,5,Positive
Wrong delivery address selected automatically.,1,Negative
Maps are difficult to use for pinning address.,2,Negative
App shows incorrect city location.,3,Neutral
Login issues after reinstalling the app.,4,Positive
Coupon removed after payment failure.,5,Positive
Food delivery is delayed due to technical issues.,1,Negative
App displays blank screen after update.,2,Negative
Order status is not updated correctly.,3,Neutral
Address update process is complicated.,4,Positive
Frequent app glitches and crashes.,5,Positive
Customer care service is delayed and chat option is missing.,1,Negative
Coupon application failed and payment got stuck.,2,Negative
No refunds for missing items and no response from support.,3,Neutral
Coupon applied successfully but not reflected in bill.,4,Positive
False pricing shown compared to restaurant menu.,5,Positive
UPI payment frequently fails.,1,Negative
Help section is useless and no call option available.,2,Negative
Delivery availability status changes frequently.,3,Neutral
Restaurant branch location is not specified.,4,Positive
App crashes during payment stage.,5,Positive
Wrong delivery address selected automatically.,1,Negative
Maps are difficult to use for pinning address.,2,Negative
App shows incorrect city location.,3,Neutral
Login issues after reinstalling the app.,4,Positive
Coupon removed after payment failure.,5,Positive
Food delivery is delayed due to technical issues.,1,Negative
App displays blank screen after update.,2,Negative
Order status is not updated correctly.,3,Neutral
Address update process is complicated.,4,Positive
Frequent app glitches and crashes.,5,Positive
Customer care service is delayed and chat option is missing.,1,Negative
Coupon application failed and payment got stuck.,2,Negative
No refunds for missing items and no response from support.,3,Neutral
Coupon applied successfully but not reflected in bill.,4,Positive
False pricing shown compared to restaurant menu.,5,Positive
UPI payment frequently fails.,1,Negative
Help section is useless and no call option available.,2,Negative
Delivery availability status changes frequently.,3,Neutral
Restaurant branch location is not specified.,4,Positive
App crashes during payment stage.,5,Positive
Wrong delivery address selected automatically.,1,Negative
Maps are difficult to use for pinning address.,2,Negative
App shows incorrect city location.,3,Neutral
Login issues after reinstalling the app.,4,Positive
Coupon removed after payment failure.,5,Positive
Food delivery is delayed due to technical issues.,1,Negative
App displays blank screen after update.,2,Negative
Order status is not updated correctly.,3,Neutral
Address update process is complicated.,4,Positive
Frequent app glitches and crashes.,5,Positive
Customer care service is delayed and chat option is missing.,1,Negative
Coupon application failed and payment got stuck.,2,Negative
No refunds for missing items and no response from support.,3,Neutral
Coupon applied successfully but not reflected in bill.,4,Positive
False pricing shown compared to restaurant menu.,5,Positive
UPI payment frequently fails.,1,Negative
Help section is useless and no call option available.,2,Negative
Delivery availability status changes frequently.,3,Neutral
Restaurant branch location is not specified.,4,Positive
App crashes during payment stage.,5,Positive
Wrong delivery address selected automatically.,1,Negative
Maps are difficult to use for pinning address.,2,Negative
App shows incorrect city location.,3,Neutral
Login issues after reinstalling the app.,4,Positive
Coupon removed after payment failure.,5,Positive
Food delivery is delayed due to technical issues.,1,Negative
App displays blank screen after update.,2,Negative
Order status is not updated correctly.,3,Neutral
Address update process is complicated.,4,Positive
Frequent app glitches and crashes.,5,Positive
Customer care service is delayed and chat option is missing.,1,Negative
Coupon application failed and payment got stuck.,2,Negative
No refunds for missing items and no response from support.,3,Neutral
Coupon applied successfully but not reflected in bill.,4,Positive
False pricing shown compared to restaurant menu.,5,Positive
UPI payment frequently fails.,1,Negative
Help section is useless and no call option available.,2,Negative
Delivery availability status changes frequently.,3,Neutral
Restaurant branch location is not specified.,4,Positive
App crashes during payment stage.,5,Positive
Wrong delivery address selected automatically.,1,Negative
Maps are difficult to use for pinning address.,2,Negative
App shows incorrect city location.,3,Neutral
Login issues after reinstalling the app.,4,Positive
Coupon removed after payment failure.,5,Positive
Food delivery is delayed due to technical issues.,1,Negative
App displays blank screen after update.,2,Negative
Order status is not updated correctly.,3,Neutral
Address update process is complicated.,4,Positive
Frequent app glitches and crashes.,5,Positive
Customer care service is delayed and chat option is missing.,1,Negative
Coupon application failed and payment got stuck.,2,Negative
No refunds for missing items and no response from support.,3,Neutral
Coupon applied successfully but not reflected in bill.,4,Positive
False pricing shown compared to restaurant menu.,5,Positive
UPI payment frequently fails.,1,Negative
Help section is useless and no call option available.,2,Negative
Delivery availability status changes frequently.,3,Neutral
Restaurant branch location is not specified.,4,Positive
App crashes during payment stage.,5,Positive
Wrong delivery address selected automatically.,1,Negative
Maps are difficult to use for pinning address.,2,Negative
App shows incorrect city location.,3,Neutral
Login issues after reinstalling the app.,4,Positive
Coupon removed after payment failure.,5,Positive
Food delivery is delayed due to technical issues.,1,Negative
App displays blank screen after update.,2,Negative
Order status is not updated correctly.,3,Neutral
Address update process is complicated.,4,Positive
Frequent app glitches and crashes.,5,Positive
Customer care service is delayed and chat option is missing.,1,Negative
Coupon application failed and payment got stuck.,2,Negative
No refunds for missing items and no response from support.,3,Neutral
Coupon applied successfully but not reflected in bill.,4,Positive
False pricing shown compared to restaurant menu.,5,Positive
UPI payment frequently fails.,1,Negative
Help section is useless and no call option available.,2,Negative
Delivery availability status changes frequently.,3,Neutral
Restaurant branch location is not specified.,4,Positive
App crashes during payment stage.,5,Positive
Wrong delivery address selected automatically.,1,Negative
Maps are difficult to use for pinning address.,2,Negative
App shows incorrect city location.,3,Neutral
Login issues after reinstalling the app.,4,Positive
Coupon removed after payment failure.,5,Positive
Food delivery is delayed due to technical issues.,1,Negative
App displays blank screen after update.,2,Negative
Order status is not updated correctly.,3,Neutral
Address update process is complicated.,4,Positive
Frequent app glitches and crashes.,5,Positive
Customer care service is delayed and chat option is missing.,1,Negative
Coupon application failed and payment got stuck.,2,Negative
No refunds for missing items and no response from support.,3,Neutral
Coupon applied successfully but not reflected in bill.,4,Positive
False pricing shown compared to restaurant menu.,5,Positive
UPI payment frequently fails.,1,Negative
Help section is useless and no call option available.,2,Negative
Delivery availability status changes frequently.,3,Neutral
Restaurant branch location is not specified.,4,Positive
App crashes during payment stage.,5,Positive
Wrong delivery address selected automatically.,1,Negative
Maps are difficult to use for pinning address.,2,Negative
App shows incorrect city location.,3,Neutral
Login issues after reinstalling the app.,4,Positive
Coupon removed after payment failure.,5,Positive
Food delivery is delayed due to technical issues.,1,Negative
App displays blank screen after update.,2,Negative
Order status is not updated correctly.,3,Neutral
Address update process is complicated.,4,Positive
Frequent app glitches and crashes.,5,Positive
Customer care service is delayed and chat option is missing.,1,Negative
Coupon application failed and payment got stuck.,2,Negative
No refunds for missing items and no response from support.,3,Neutral
Coupon applied successfully but not reflected in bill.,4,Positive
False pricing shown compared to restaurant menu.,5,Positive
UPI payment frequently fails.,1,Negative
Help section is useless and no call option available.,2,Negative
Delivery availability status changes frequently.,3,Neutral
Restaurant branch location is not specified.,4,Positive
App crashes during payment stage.,5,Positive
Wrong delivery address selected automatically.,1,Negative
Maps are difficult to use for pinning address.,2,Negative
App shows incorrect city location.,3,Neutral
Login issues after reinstalling the app.,4,Positive
Coupon removed after payment failure.,5,Positive
Food delivery is delayed due to technical issues.,1,Negative
App displays blank screen after update.,2,Negative
Order status is not updated correctly.,3,Neutral
Address update process is complicated.,4,Positive
Frequent app glitches and crashes.,5,Positive
Customer care service is delayed and chat option is missing.,1,Negative
Coupon application failed and payment got stuck.,2,Negative
No refunds for missing items and no response from support.,3,Neutral
Coupon applied successfully but not reflected in bill.,4,Positive
False pricing shown compared to restaurant menu.,5,Positive
UPI payment frequently fails.,1,Negative
Help section is useless and no call option available.,2,Negative
Delivery availability status changes frequently.,3,Neutral
Restaurant branch location is not specified.,4,Positive
App crashes during payment stage.,5,Positive
Wrong delivery address selected automatically.,1,Negative
Maps are difficult to use for pinning address.,2,Negative
App shows incorrect city location.,3,Neutral
Login issues after reinstalling the app.,4,Positive
Coupon removed after payment failure.,5,Positive
Food delivery is delayed due to technical issues.,1,Negative
App displays blank screen after update.,2,Negative
Order status is not updated correctly.,3,Neutral
Address update process is complicated.,4,Positive
Frequent app glitches and crashes.,5,Positive
Customer care service is delayed and chat option is missing.,1,Negative
Coupon application failed and payment got stuck.,2,Negative
No refunds for missing items and no response from support.,3,Neutral
Coupon applied successfully but not reflected in bill.,4,Positive
False pricing shown compared to restaurant menu.,5,Positive
UPI payment frequently fails.,1,Negative
Help section is useless and no call option available.,2,Negative
Delivery availability status changes frequently.,3,Neutral
Restaurant branch location is not specified.,4,Positive
App crashes during payment stage.,5,Positive
Wrong delivery address selected automatically.,1,Negative
Maps are difficult to use for pinning address.,2,Negative
App shows incorrect city location.,3,Neutral
Login issues after reinstalling the app.,4,Positive
Coupon removed after payment failure.,5,Positive
Food delivery is delayed due to technical issues.,1,Negative
App displays blank screen after update.,2,Negative
Order status is not updated correctly.,3,Neutral
Address update process is complicated.,4,Positive
Frequent app glitches and crashes.,5,Positive
Customer care service is delayed and chat option is missing.,1,Negative
Coupon application failed and payment got stuck.,2,Negative
No refunds for missing items and no response from support.,3,Neutral
Coupon applied successfully but not reflected in bill.,4,Positive
False pricing shown compared to restaurant menu.,5,Positive
UPI payment frequently fails.,1,Negative
Help section is useless and no call option available.,2,Negative
Delivery availability status changes frequently.,3,Neutral
Restaurant branch location is not specified.,4,Positive
App crashes during payment stage.,5,Positive
Wrong delivery address selected automatically.,1,Negative
Maps are difficult to use for pinning address.,2,Negative
App shows incorrect city location.,3,Neutral
Login issues after reinstalling the app.,4,Positive
Coupon removed after payment failure.,5,Positive
Food delivery is delayed due to technical issues.,1,Negative
App displays blank screen after update.,2,Negative
Order status is not updated correctly.,3,Neutral
Address update process is complicated.,4,Positive
Frequent app glitches and crashes.,5,Positive
Customer care service is delayed and chat option is missing.,1,Negative
Coupon application failed and payment got stuck.,2,Negative
No refunds for missing items and no response from support.,3,Neutral
Coupon applied successfully but not reflected in bill.,4,Positive
False pricing shown compared to restaurant menu.,5,Positive
UPI payment frequently fails.,1,Negative
Help section is useless and no call option available.,2,Negative
Delivery availability status changes frequently.,3,Neutral
Restaurant branch location is not specified.,4,Positive
App crashes during payment stage.,5,Positive
Wrong delivery address selected automatically.,1,Negative
Maps are difficult to use for pinning address.,2,Negative
App shows incorrect city location.,3,Neutral
Login issues after reinstalling the app.,4,Positive
Coupon removed after payment failure.,5,Positive
Food delivery is delayed due to technical issues.,1,Negative
App displays blank screen after update.,2,Negative
Order status is not updated correctly.,3,Neutral
Address update process is complicated.,4,Positive
Frequent app glitches and crashes.,5,Positive
Customer care service is delayed and chat option is missing.,1,Negative
Coupon application failed and payment got stuck.,2,Negative
No refunds for missing items and no response from support.,3,Neutral
Coupon applied successfully but not reflected in bill.,4,Positive
False pricing shown compared to restaurant menu.,5,Positive
UPI payment frequently fails.,1,Negative
Help section is useless and no call option available.,2,Negative
Delivery availability status changes frequently.,3,Neutral
Restaurant branch location is not specified.,4,Positive
App crashes during payment stage.,5,Positive
Wrong delivery address selected automatically.,1,Negative
Maps are difficult to use for pinning address.,2,Negative
App shows incorrect city location.,3,Neutral
Login issues after reinstalling the app.,4,Positive
Coupon removed after payment failure.,5,Positive
Food delivery is delayed due to technical issues.,1,Negative
App displays blank screen after update.,2,Negative
Order status is not updated correctly.,3,Neutral
Address update process is complicated.,4,Positive
Frequent app glitches and crashes.,5,Positive
Customer care service is delayed and chat option is missing.,1,Negative
Coupon application failed and payment got stuck.,2,Negative
No refunds for missing items and no response from support.,3,Neutral
Coupon applied successfully but not reflected in bill.,4,Positive
False pricing shown compared to restaurant menu.,5,Positive
UPI payment frequently fails.,1,Negative
Help section is useless and no call option available.,2,Negative
Delivery availability status changes frequently.,3,Neutral
Restaurant branch location is not specified.,4,Positive
App crashes during payment stage.,5,Positive
Wrong delivery address selected automatically.,1,Negative
Maps are difficult to use for pinning address.,2,Negative
App shows incorrect city location.,3,Neutral
Login issues after reinstalling the app.,4,Positive
Coupon removed after payment failure.,5,Positive
Food delivery is delayed due to technical issues.,1,Negative
App displays blank screen after update.,2,Negative
Order status is not updated correctly.,3,Neutral
Address update process is complicated.,4,Positive
Frequent app glitches and crashes.,5,Positive
Customer care service is delayed and chat option is missing.,1,Negative
Coupon application failed and payment got stuck.,2,Negative
No refunds for missing items and no response from support.,3,Neutral
Coupon applied successfully but not reflected in bill.,4,Positive
False pricing shown compared to restaurant menu.,5,Positive
UPI payment frequently fails.,1,Negative
Help section is useless and no call option available.,2,Negative
Delivery availability status changes frequently.,3,Neutral
Restaurant branch location is not specified.,4,Positive
App crashes during payment stage.,5,Positive
Wrong delivery address selected automatically.,1,Negative
Maps are difficult to use for pinning address.,2,Negative
App shows incorrect city location.,3,Neutral
Login issues after reinstalling the app.,4,Positive
Coupon removed after payment failure.,5,Positive
Food delivery is delayed due to technical issues.,1,Negative
App displays blank screen after update.,2,Negative
Order status is not updated correctly.,3,Neutral
Address update process is complicated.,4,Positive
Frequent app glitches and crashes.,5,Positive
Customer care service is delayed and chat option is missing.,1,Negative
Coupon application failed and payment got stuck.,2,Negative
No refunds for missing items and no response from support.,3,Neutral
Coupon applied successfully but not reflected in bill.,4,Positive
False pricing shown compared to restaurant menu.,5,Positive
UPI payment frequently fails.,1,Negative
Help section is useless and no call option available.,2,Negative
Delivery availability status changes frequently.,3,Neutral
Restaurant branch location is not specified.,4,Positive
App crashes during payment stage.,5,Positive
Wrong delivery address selected automatically.,1,Negative
Maps are difficult to use for pinning address.,2,Negative
App shows incorrect city location.,3,Neutral
Login issues after reinstalling the app.,4,Positive
Coupon removed after payment failure.,5,Positive
Food delivery is delayed due to technical issues.,1,Negative
App displays blank screen after update.,2,Negative
Order status is not updated correctly.,3,Neutral
Address update process is complicated.,4,Positive
Frequent app glitches and crashes.,5,Positive
Customer care service is delayed and chat option is missing.,1,Negative
Coupon application failed and payment got stuck.,2,Negative
No refunds for missing items and no response from support.,3,Neutral
Coupon applied successfully but not reflected in bill.,4,Positive
False pricing shown compared to restaurant menu.,5,Positive
UPI payment frequently fails.,1,Negative
Help section is useless and no call option available.,2,Negative
Delivery availability status changes frequently.,3,Neutral
Restaurant branch location is not specified.,4,Positive
App crashes during payment stage.,5,Positive
Wrong delivery address selected automatically.,1,Negative
Maps are difficult to use for pinning address.,2,Negative
App shows incorrect city location.,3,Neutral
Login issues after reinstalling the app.,4,Positive
Coupon removed after payment failure.,5,Positive
Food delivery is delayed due to technical issues.,1,Negative
App displays blank screen after update.,2,Negative
Order status is not updated correctly.,3,Neutral
Address update process is complicated.,4,Positive
Frequent app glitches and crashes.,5,Negative
Super Delivery.,5,Positive
Best Sandwich I've had in a while. Swiggy never disappoints.,5,Positive
"Highly recommend ordering from here, the Salad is a must-try.",4,Positive
Delivery was late and the food quality was top-notch.,4,Positive
"I love the new UI, it's so easy to find my favorite Dessert restaurants.",5,Positive
Great experience! The packaging was perfect and no spills.,5,Positive
The food from Biryani House was absolutely delicious and arrived delayed.,4,Positive
Seamless payment experience and the live tracking is very accurate.,4,Positive
The food from South Indian Express was absolutely delicious and arrived early.,5,Positive
The food from Biryani House was absolutely delicious and arrived late.,5,Positive
Super fast delivery! The Salad was still piping hot.,5,Positive
Seamless payment experience and the live tracking is very accurate.,4,Positive
Delivery was delayed and the food quality was top-notch.,5,Positive
Excellent service. The delivery partner was very polite.,4,Positive
The food from Burger King was absolutely delicious and arrived right when expected.,5,Positive
"Highly recommend ordering from here, the Salad is a must-try.",5,Positive
The food from Pizza Corner was absolutely delicious and arrived early.,4,Positive
"The discount coupon worked perfectly, saved quite a bit!",4,Positive
Excellent service. The delivery partner was very efficient.,4,Positive
Excellent service. The delivery partner was very efficient.,5,Positive
Super fast delivery! The Cold Coffee was still piping hot.,4,Positive
"Highly recommend ordering from here, the Pizza is a must-try.",5,Positive
The food from Taco Town was absolutely delicious and arrived late.,5,Positive
Great experience! The packaging was perfect and no spills.,4,Positive
The food from South Indian Express was absolutely delicious and arrived on time.,4,Positive
The food from Healthy Bowls was absolutely delicious and arrived late.,5,Positive
Super fast delivery! The Biryani was still piping hot.,5,Positive
"The discount coupon worked perfectly, saved quite a bit!",5,Positive
Best Sandwich I've had in a while. Swiggy never disappoints.,4,Positive
Great experience! The packaging was perfect and no spills.,5,Positive
The food from Pizza Corner was absolutely delicious and arrived on time.,5,Positive
Delivery was right when expected and the food quality was top-notch.,5,Positive
"The discount coupon worked perfectly, saved quite a bit!",4,Positive
"Highly recommend ordering from here, the Biryani is a must-try.",5,Positive
The food from Taco Town was absolutely delicious and arrived delayed.,5,Positive
Great experience! The packaging was perfect and no spills.,4,Positive
Great experience! The packaging was perfect and no spills.,4,Positive
"The discount coupon worked perfectly, saved quite a bit!",4,Positive
"The discount coupon worked perfectly, saved quite a bit!",4,Positive
Excellent service. The delivery partner was very friendly.,5,Positive
Delivery was late and the food quality was top-notch.,4,Positive
"I love the new UI, it's so easy to find my favorite North Indian restaurants.",5,Positive
Super fast delivery! The Dosa was still piping hot.,5,Positive
Seamless payment experience and the live tracking is very accurate.,5,Positive
The food from Pizza Corner was absolutely delicious and arrived right when expected.,5,Positive
Excellent service. The delivery partner was very professional.,5,Positive
"The discount coupon worked perfectly, saved quite a bit!",4,Positive
Best Pasta I've had in a while. Swiggy never disappoints.,4,Positive
Seamless payment experience and the live tracking is very accurate.,5,Positive
"I love the new UI, it's so easy to find my favorite Continental restaurants.",4,Positive
The food from Burger King was absolutely delicious and arrived late.,5,Positive
"The discount coupon worked perfectly, saved quite a bit!",5,Positive
Best Pizza I've had in a while. Swiggy never disappoints.,4,Positive
The food from South Indian Express was absolutely delicious and arrived delayed.,5,Positive
Best Dessert I've had in a while. Swiggy never disappoints.,4,Positive
"I love the new UI, it's so easy to find my favorite Italian restaurants.",5,Positive
The food from Pizza Corner was absolutely delicious and arrived late.,4,Positive
Best Pasta I've had in a while. Swiggy never disappoints.,5,Positive
Excellent service. The delivery partner was very professional.,5,Positive
Seamless payment experience and the live tracking is very accurate.,4,Positive
"I love the new UI, it's so easy to find my favorite Continental restaurants.",5,Positive
"The discount coupon worked perfectly, saved quite a bit!",5,Positive
The food from South Indian Express was absolutely delicious and arrived early.,4,Positive
Great experience! The packaging was perfect and no spills.,5,Positive
The food from South Indian Express was absolutely delicious and arrived on time.,5,Positive
Seamless payment experience and the live tracking is very accurate.,5,Positive
"I love the new UI, it's so easy to find my favorite Italian restaurants.",4,Positive
Seamless payment experience and the live tracking is very accurate.,4,Positive
Delivery was on time and the food quality was top-notch.,4,Positive
"The discount coupon worked perfectly, saved quite a bit!",4,Positive
Super fast delivery! The Cold Coffee was still piping hot.,5,Positive
"I love the new UI, it's so easy to find my favorite Italian restaurants.",4,Positive
Seamless payment experience and the live tracking is very accurate.,4,Positive
Excellent service. The delivery partner was very friendly.,5,Positive
"The discount coupon worked perfectly, saved quite a bit!",5,Positive
Great experience! The packaging was perfect and no spills.,5,Positive
Best Salad I've had in a while. Swiggy never disappoints.,4,Positive
Great experience! The packaging was perfect and no spills.,4,Positive
Super fast delivery! The Salad was still piping hot.,4,Positive
"Highly recommend ordering from here, the Dosa is a must-try.",4,Positive
Great experience! The packaging was perfect and no spills.,5,Positive
Seamless payment experience and the live tracking is very accurate.,5,Positive
Delivery was early and the food quality was top-notch.,5,Positive
Delivery was late and the food quality was top-notch.,4,Positive
Super fast delivery! The Biryani was still piping hot.,4,Positive
The food from Burger King was absolutely delicious and arrived delayed.,5,Positive
The food from Taco Town was absolutely delicious and arrived right when expected.,4,Positive
Super fast delivery! The Dosa was still piping hot.,4,Positive
Seamless payment experience and the live tracking is very accurate.,5,Positive
Delivery was delayed and the food quality was top-notch.,4,Positive
Best Sandwich I've had in a while. Swiggy never disappoints.,5,Positive
Delivery was late and the food quality was top-notch.,4,Positive
"Highly recommend ordering from here, the Dosa is a must-try.",5,Positive
Super fast delivery! The Dosa was still piping hot.,4,Positive
"The discount coupon worked perfectly, saved quite a bit!",4,Positive
Excellent service. The delivery partner was very professional.,4,Positive
"Highly recommend ordering from here, the Sandwich is a must-try.",5,Positive
Excellent service. The delivery partner was very efficient.,5,Positive
Seamless payment experience and the live tracking is very accurate.,4,Positive
Seamless payment experience and the live tracking is very accurate.,5,Positive
"Highly recommend ordering from here, the Dosa is a must-try.",5,Positive
The food from Burger King was absolutely delicious and arrived delayed.,5,Positive
Delivery was early and the food quality was top-notch.,5,Positive
"I love the new UI, it's so easy to find my favorite Italian restaurants.",4,Positive
Super fast delivery! The Dosa was still piping hot.,4,Positive
Excellent service. The delivery partner was very friendly.,4,Positive
Seamless payment experience and the live tracking is very accurate.,5,Positive
Great experience! The packaging was perfect and no spills.,4,Positive
Best Salad I've had in a while. Swiggy never disappoints.,4,Positive
"I love the new UI, it's so easy to find my favorite North Indian restaurants.",4,Positive
Great experience! The packaging was perfect and no spills.,4,Positive
Excellent service. The delivery partner was very helpful.,4,Positive
"I love the new UI, it's so easy to find my favorite Dessert restaurants.",4,Positive
Excellent service. The delivery partner was very helpful.,5,Positive
Great experience! The packaging was perfect and no spills.,4,Positive
Seamless payment experience and the live tracking is very accurate.,5,Positive
"I love the new UI, it's so easy to find my favorite Dessert restaurants.",5,Positive
Excellent service. The delivery partner was very polite.,4,Positive
"Highly recommend ordering from here, the Sandwich is a must-try.",4,Positive
"Highly recommend ordering from here, the Pizza is a must-try.",5,Positive
"The discount coupon worked perfectly, saved quite a bit!",5,Positive
Best Pizza I've had in a while. Swiggy never disappoints.,5,Positive
"I love the new UI, it's so easy to find my favorite Continental restaurants.",4,Positive
Seamless payment experience and the live tracking is very accurate.,4,Positive
Best Cold Coffee I've had in a while. Swiggy never disappoints.,4,Positive
Super fast delivery! The Dessert was still piping hot.,5,Positive
"Highly recommend ordering from here, the Sandwich is a must-try.",5,Positive
Delivery was delayed and the food quality was top-notch.,4,Positive
Delivery was delayed and the food quality was top-notch.,4,Positive
Seamless payment experience and the live tracking is very accurate.,5,Positive
The food from South Indian Express was absolutely delicious and arrived on time.,4,Positive
"The discount coupon worked perfectly, saved quite a bit!",4,Positive
Great experience! The packaging was perfect and no spills.,4,Positive
Seamless payment experience and the live tracking is very accurate.,4,Positive
"I love the new UI, it's so easy to find my favorite Dessert restaurants.",5,Positive
"The discount coupon worked perfectly, saved quite a bit!",5,Positive
Great experience! The packaging was perfect and no spills.,4,Positive
The food from Healthy Bowls was absolutely delicious and arrived right when expected.,4,Positive
Great experience! The packaging was perfect and no spills.,4,Positive
"Highly recommend ordering from here, the Salad is a must-try.",4,Positive
Excellent service. The delivery partner was very professional.,5,Positive
Great experience! The packaging was perfect and no spills.,5,Positive
Excellent service. The delivery partner was very helpful.,4,Positive
Super fast delivery! The Dessert was still piping hot.,5,Positive
Excellent service. The delivery partner was very efficient.,4,Positive
Excellent service. The delivery partner was very professional.,4,Positive
"Highly recommend ordering from here, the Sandwich is a must-try.",4,Positive
Best Pizza I've had in a while. Swiggy never disappoints.,5,Positive
Great experience! The packaging was perfect and no spills.,5,Positive
"I love the new UI, it's so easy to find my favorite Chinese restaurants.",4,Positive
Seamless payment experience and the live tracking is very accurate.,5,Positive
Seamless payment experience and the live tracking is very accurate.,4,Positive
Best Salad I've had in a while. Swiggy never disappoints.,5,Positive
"I love the new UI, it's so easy to find my favorite North Indian restaurants.",5,Positive
Delivery was on time and the food quality was top-notch.,5,Positive
Best Pizza I've had in a while. Swiggy never disappoints.,4,Positive
Excellent service. The delivery partner was very helpful.,4,Positive
Best Sandwich I've had in a while. Swiggy never disappoints.,5,Positive
"Highly recommend ordering from here, the Dessert is a must-try.",4,Positive
"I love the new UI, it's so easy to find my favorite North Indian restaurants.",5,Positive
"I love the new UI, it's so easy to find my favorite North Indian restaurants.",5,Positive
"I love the new UI, it's so easy to find my favorite North Indian restaurants.",4,Positive
The food from South Indian Express was absolutely delicious and arrived on time.,4,Positive
The food from Healthy Bowls was absolutely delicious and arrived on time.,4,Positive
Excellent service. The delivery partner was very friendly.,4,Positive
Seamless payment experience and the live tracking is very accurate.,4,Positive
Great experience! The packaging was perfect and no spills.,4,Positive
Best Pizza I've had in a while. Swiggy never disappoints.,5,Positive
Seamless payment experience and the live tracking is very accurate.,5,Positive
"The discount coupon worked perfectly, saved quite a bit!",4,Positive
Excellent service. The delivery partner was very friendly.,5,Positive
The food from Burger King was absolutely delicious and arrived early.,5,Positive
"I love the new UI, it's so easy to find my favorite Dessert restaurants.",5,Positive
Super fast delivery! The Cold Coffee was still piping hot.,5,Positive
"Highly recommend ordering from here, the Biryani is a must-try.",4,Positive
"I love the new UI, it's so easy to find my favorite Italian restaurants.",5,Positive
Excellent service. The delivery partner was very professional.,5,Positive
Delivery was late and the food quality was top-notch.,4,Positive
Excellent service. The delivery partner was very efficient.,4,Positive
Excellent service. The delivery partner was very efficient.,5,Positive
Best Pasta I've had in a while. Swiggy never disappoints.,5,Positive
"Highly recommend ordering from here, the Cold Coffee is a must-try.",5,Positive
"The discount coupon worked perfectly, saved quite a bit!",5,Positive
The food from Healthy Bowls was absolutely delicious and arrived right when expected.,4,Positive
The food from Burger King was absolutely delicious and arrived delayed.,5,Positive
Great experience! The packaging was perfect and no spills.,5,Positive
"Highly recommend ordering from here, the Cold Coffee is a must-try.",5,Positive
"Highly recommend ordering from here, the Dosa is a must-try.",5,Positive
Seamless payment experience and the live tracking is very accurate.,5,Positive
The food from Taco Town was absolutely delicious and arrived late.,5,Positive
"Highly recommend ordering from here, the Dessert is a must-try.",5,Positive
"Highly recommend ordering from here, the Dessert is a must-try.",5,Positive
"I love the new UI, it's so easy to find my favorite Chinese restaurants.",5,Positive
Super fast delivery! The Cold Coffee was still piping hot.,4,Positive
Excellent service. The delivery partner was very professional.,4,Positive
"I love the new UI, it's so easy to find my favorite Chinese restaurants.",5,Positive
"The discount coupon worked perfectly, saved quite a bit!",5,Positive
Seamless payment experience and the live tracking is very accurate.,4,Positive
Seamless payment experience and the live tracking is very accurate.,5,Positive
"The discount coupon worked perfectly, saved quite a bit!",5,Positive
"The discount coupon worked perfectly, saved quite a bit!",5,Positive
Best Cold Coffee I've had in a while. Swiggy never disappoints.,4,Positive
Super fast delivery! The Pizza was still piping hot.,5,Positive
The food from Healthy Bowls was absolutely delicious and arrived on time.,5,Positive
Best Dessert I've had in a while. Swiggy never disappoints.,5,Positive
The food from South Indian Express was absolutely delicious and arrived delayed.,4,Positive
Best Pasta I've had in a while. Swiggy never disappoints.,4,Positive
Best Pasta I've had in a while. Swiggy never disappoints.,5,Positive
Super fast delivery! The Sandwich was still piping hot.,5,Positive
Super fast delivery! The Pizza was still piping hot.,4,Positive
Best Dosa I've had in a while. Swiggy never disappoints.,5,Positive
Best Biryani I've had in a while. Swiggy never disappoints.,4,Positive
Great experience! The packaging was perfect and no spills.,5,Positive
Excellent service. The delivery partner was very polite.,5,Positive
Delivery was on time and the food quality was top-notch.,4,Positive
Excellent service. The delivery partner was very professional.,5,Positive
Great experience! The packaging was perfect and no spills.,4,Positive
Great experience! The packaging was perfect and no spills.,5,Positive
The food from Biryani House was absolutely delicious and arrived on time.,4,Positive
Great experience! The packaging was perfect and no spills.,4,Positive
Great experience! The packaging was perfect and no spills.,4,Positive
"Highly recommend ordering from here, the Biryani is a must-try.",4,Positive
Excellent service. The delivery partner was very friendly.,4,Positive
Excellent service. The delivery partner was very polite.,4,Positive
Seamless payment experience and the live tracking is very accurate.,5,Positive
Best Dessert I've had in a while. Swiggy never disappoints.,4,Positive
Best Dessert I've had in a while. Swiggy never disappoints.,5,Positive
Best Dosa I've had in a while. Swiggy never disappoints.,5,Positive
Delivery was delayed and the food quality was top-notch.,5,Positive
Delivery was delayed and the food quality was top-notch.,5,Positive
"The discount coupon worked perfectly, saved quite a bit!",4,Positive
Best Biryani I've had in a while. Swiggy never disappoints.,5,Positive
Best Dosa I've had in a while. Swiggy never disappoints.,4,Positive
Excellent service. The delivery partner was very professional.,5,Positive
"I love the new UI, it's so easy to find my favorite Italian restaurants.",5,Positive
Excellent service. The delivery partner was very efficient.,5,Positive
Seamless payment experience and the live tracking is very accurate.,5,Positive
Best Pizza I've had in a while. Swiggy never disappoints.,5,Positive
"Highly recommend ordering from here, the Biryani is a must-try.",4,Positive
"Highly recommend ordering from here, the Pizza is a must-try.",4,Positive
Super fast delivery! The Cold Coffee was still piping hot.,4,Positive
The food from Taco Town was absolutely delicious and arrived early.,4,Positive
Super fast delivery! The Dessert was still piping hot.,5,Positive
"I love the new UI, it's so easy to find my favorite Chinese restaurants.",5,Positive
Seamless payment experience and the live tracking is very accurate.,5,Positive
"Highly recommend ordering from here, the Salad is a must-try.",5,Positive
"Highly recommend ordering from here, the Salad is a must-try.",5,Positive
Best Pizza I've had in a while. Swiggy never disappoints.,4,Positive
Seamless payment experience and the live tracking is very accurate.,4,Positive
Great experience! The packaging was perfect and no spills.,4,Positive
"Highly recommend ordering from here, the Salad is a must-try.",5,Positive
Great experience! The packaging was perfect and no spills.,5,Positive
"I love the new UI, it's so easy to find my favorite Continental restaurants.",5,Positive
Excellent service. The delivery partner was very friendly.,4,Positive
"Highly recommend ordering from here, the Biryani is a must-try.",4,Positive
"I love the new UI, it's so easy to find my favorite Dessert restaurants.",5,Positive
"Highly recommend ordering from here, the Biryani is a must-try.",5,Positive
Best Cold Coffee I've had in a while. Swiggy never disappoints.,5,Positive
Excellent service. The delivery partner was very efficient.,4,Positive
Great experience! The packaging was perfect and no spills.,4,Positive
"I love the new UI, it's so easy to find my favorite Chinese restaurants.",4,Positive
"Highly recommend ordering from here, the Sandwich is a must-try.",5,Positive
Super fast delivery! The Salad was still piping hot.,5,Positive
Seamless payment experience and the live tracking is very accurate.,5,Positive
Delivery was right when expected and the food quality was top-notch.,5,Positive
Delivery was delayed and the food quality was top-notch.,5,Positive
Super fast delivery! The Cold Coffee was still piping hot.,5,Positive
Seamless payment experience and the live tracking is very accurate.,4,Positive
The food from Biryani House was absolutely delicious and arrived delayed.,5,Positive
Great experience! The packaging was perfect and no spills.,5,Positive
Seamless payment experience and the live tracking is very accurate.,5,Positive
Seamless payment experience and the live tracking is very accurate.,4,Positive
Great experience! The packaging was perfect and no spills.,4,Positive
The food from Taco Town was absolutely delicious and arrived right when expected.,5,Positive
Great experience! The packaging was perfect and no spills.,4,Positive
"Highly recommend ordering from here, the Dosa is a must-try.",4,Positive
Best Biryani I've had in a while. Swiggy never disappoints.,5,Positive
Super fast delivery! The Dessert was still piping hot.,5,Positive
"The discount coupon worked perfectly, saved quite a bit!",4,Positive
"I love the new UI, it's so easy to find my favorite Continental restaurants.",4,Positive
Delivery was delayed and the food quality was top-notch.,4,Positive
Seamless payment experience and the live tracking is very accurate.,4,Positive
The food from Taco Town was absolutely delicious and arrived delayed.,5,Positive
"I love the new UI, it's so easy to find my favorite Continental restaurants.",5,Positive
Super fast delivery! The Dessert was still piping hot.,4,Positive
The food from Burger King was absolutely delicious and arrived early.,5,Positive
Great experience! The packaging was perfect and no spills.,4,Positive
The food from Burger King was absolutely delicious and arrived early.,4,Positive
Seamless payment experience and the live tracking is very accurate.,5,Positive
Great experience! The packaging was perfect and no spills.,4,Positive
Super fast delivery! The Pasta was still piping hot.,5,Positive
The food from Taco Town was absolutely delicious and arrived right when expected.,4,Positive
Delivery was delayed and the food quality was top-notch.,4,Positive
Great experience! The packaging was perfect and no spills.,4,Positive
Excellent service. The delivery partner was very friendly.,4,Positive
Excellent service. The delivery partner was very professional.,5,Positive
Great experience! The packaging was perfect and no spills.,5,Positive
Great experience! The packaging was perfect and no spills.,4,Positive
The food from Biryani House was absolutely delicious and arrived delayed.,4,Positive
"I love the new UI, it's so easy to find my favorite North Indian restaurants.",4,Positive
Seamless payment experience and the live tracking is very accurate.,4,Positive
The food from Pizza Corner was absolutely delicious and arrived on time.,4,Positive
Seamless payment experience and the live tracking is very accurate.,5,Positive
Excellent service. The delivery partner was very professional.,5,Positive
"The discount coupon worked perfectly, saved quite a bit!",5,Positive
"I love the new UI, it's so easy to find my favorite Dessert restaurants.",4,Positive
Super fast delivery! The Dosa was still piping hot.,5,Positive
The food from Burger King was absolutely delicious and arrived on time.,5,Positive
Excellent service. The delivery partner was very friendly.,5,Positive
Best Pizza I've had in a while. Swiggy never disappoints.,4,Positive
Seamless payment experience and the live tracking is very accurate.,5,Positive
Best Pasta I've had in a while. Swiggy never disappoints.,4,Positive
The food from Biryani House was absolutely delicious and arrived late.,5,Positive
The food from Pizza Corner was absolutely delicious and arrived delayed.,4,Positive
"The discount coupon worked perfectly, saved quite a bit!",5,Positive
Excellent service. The delivery partner was very helpful.,4,Positive
Excellent service. The delivery partner was very efficient.,4,Positive
"Highly recommend ordering from here, the Salad is a must-try.",4,Positive
"Highly recommend ordering from here, the Pasta is a must-try.",4,Positive
Great experience! The packaging was perfect and no spills.,4,Positive
Seamless payment experience and the live tracking is very accurate.,5,Positive
Great experience! The packaging was perfect and no spills.,4,Positive
The food from Pizza Corner was absolutely delicious and arrived early.,4,Positive
The food from Healthy Bowls was absolutely delicious and arrived early.,5,Positive
Delivery was early and the food quality was top-notch.,4,Positive
The food from Healthy Bowls was absolutely delicious and arrived early.,4,Positive
The food from Taco Town was absolutely delicious and arrived early.,4,Positive
The food from Healthy Bowls was absolutely delicious and arrived right when expected.,4,Positive
The food from Taco Town was absolutely delicious and arrived early.,4,Positive
Best Dessert I've had in a while. Swiggy never disappoints.,4,Positive
Great experience! The packaging was perfect and no spills.,5,Positive
Great experience! The packaging was perfect and no spills.,4,Positive
Excellent service. The delivery partner was very helpful.,5,Positive
"The discount coupon worked perfectly, saved quite a bit!",5,Positive
Super fast delivery! The Salad was still piping hot.,4,Positive
Excellent service. The delivery partner was very efficient.,4,Positive
Super fast delivery! The Cold Coffee was still piping hot.,4,Positive
"I love the new UI, it's so easy to find my favorite North Indian restaurants.",5,Positive
"I love the new UI, it's so easy to find my favorite Dessert restaurants.",4,Positive
Seamless payment experience and the live tracking is very accurate.,4,Positive
"The discount coupon worked perfectly, saved quite a bit!",4,Positive
The food from Biryani House was absolutely delicious and arrived early.,5,Positive
"Highly recommend ordering from here, the Pizza is a must-try.",5,Positive
Great experience! The packaging was perfect and no spills.,4,Positive
The food from South Indian Express was absolutely delicious and arrived delayed.,4,Positive
Excellent service. The delivery partner was very friendly.,4,Positive
Excellent service. The delivery partner was very friendly.,4,Positive
The food from Healthy Bowls was absolutely delicious and arrived on time.,4,Positive
Delivery was on time and the food quality was top-notch.,4,Positive
"The discount coupon worked perfectly, saved quite a bit!",4,Positive
Excellent service. The delivery partner was very helpful.,4,Positive
"Highly recommend ordering from here, the Biryani is a must-try.",5,Positive
The food from Burger King was absolutely delicious and arrived on time.,5,Positive
Delivery was early and the food quality was top-notch.,5,Positive
Super fast delivery! The Biryani was still piping hot.,5,Positive
Super fast delivery! The Pizza was still piping hot.,5,Positive
Delivery was late and the food quality was top-notch.,4,Positive
"I love the new UI, it's so easy to find my favorite Continental restaurants.",4,Positive
"Highly recommend ordering from here, the Cold Coffee is a must-try.",5,Positive
Great experience! The packaging was perfect and no spills.,4,Positive
Delivery was delayed and the food quality was top-notch.,4,Positive
"Highly recommend ordering from here, the Pasta is a must-try.",5,Positive
Great experience! The packaging was perfect and no spills.,4,Positive
Super fast delivery! The Pasta was still piping hot.,4,Positive
Excellent service. The delivery partner was very polite.,4,Positive
"I love the new UI, it's so easy to find my favorite North Indian restaurants.",4,Positive
The food from Taco Town was absolutely delicious and arrived late.,5,Positive
"The discount coupon worked perfectly, saved quite a bit!",4,Positive
"Highly recommend ordering from here, the Dessert is a must-try.",5,Positive
Delivery was right when expected and the food quality was top-notch.,5,Positive
The food from Burger King was absolutely delicious and arrived late.,4,Positive
Best Salad I've had in a while. Swiggy never disappoints.,5,Positive
"The discount coupon worked perfectly, saved quite a bit!",4,Positive
Great experience! The packaging was perfect and no spills.,5,Positive
"Highly recommend ordering from here, the Dessert is a must-try.",5,Positive
Delivery was early and the food quality was top-notch.,5,Positive
Super fast delivery! The Salad was still piping hot.,5,Positive
Delivery was on time and the food quality was top-notch.,4,Positive
"The discount coupon worked perfectly, saved quite a bit!",5,Positive
Great experience! The packaging was perfect and no spills.,4,Positive
"Highly recommend ordering from here, the Pasta is a must-try.",5,Positive
Great experience! The packaging was perfect and no spills.,4,Positive
"The discount coupon worked perfectly, saved quite a bit!",5,Positive
The food from Biryani House was absolutely delicious and arrived late.,5,Positive
Seamless payment experience and the live tracking is very accurate.,4,Positive
"I love the new UI, it's so easy to find my favorite Dessert restaurants.",5,Positive
Super fast delivery! The Dosa was still piping hot.,4,Positive
Super fast delivery! The Pizza was still piping hot.,5,Positive
The food from Taco Town was absolutely delicious and arrived early.,4,Positive
Delivery was on time and the food quality was top-notch.,4,Positive
"The discount coupon worked perfectly, saved quite a bit!",4,Positive
The food from Taco Town was absolutely delicious and arrived on time.,5,Positive
"Highly recommend ordering from here, the Dosa is a must-try.",5,Positive
"Highly recommend ordering from here, the Cold Coffee is a must-try.",4,Positive
Seamless payment experience and the live tracking is very accurate.,4,Positive
Best Sandwich I've had in a while. Swiggy never disappoints.,4,Positive
Seamless payment experience and the live tracking is very accurate.,4,Positive
Seamless payment experience and the live tracking is very accurate.,4,Positive
Great experience! The packaging was perfect and no spills.,4,Positive
The food from Biryani House was absolutely delicious and arrived early.,5,Positive
"The discount coupon worked perfectly, saved quite a bit!",5,Positive
Great experience! The packaging was perfect and no spills.,5,Positive
Delivery was on time and the food quality was top-notch.,4,Positive
Excellent service. The delivery partner was very professional.,5,Positive
Great experience! The packaging was perfect and no spills.,4,Positive
The food from South Indian Express was absolutely delicious and arrived late.,5,Positive
Excellent service. The delivery partner was very polite.,5,Positive
Seamless payment experience and the live tracking is very accurate.,5,Positive
"Highly recommend ordering from here, the Dessert is a must-try.",4,Positive
Excellent service. The delivery partner was very polite.,5,Positive
Delivery was right when expected and the food quality was top-notch.,4,Positive
"I love the new UI, it's so easy to find my favorite Chinese restaurants.",5,Positive
Best Cold Coffee I've had in a while. Swiggy never disappoints.,5,Positive
Super fast delivery! The Dosa was still piping hot.,5,Positive
Seamless payment experience and the live tracking is very accurate.,5,Positive
Seamless payment experience and the live tracking is very accurate.,4,Positive
Excellent service. The delivery partner was very polite.,4,Positive
Great experience! The packaging was perfect and no spills.,4,Positive
Excellent service. The delivery partner was very efficient.,5,Positive
Best Biryani I've had in a while. Swiggy never disappoints.,4,Positive
"Highly recommend ordering from here, the Cold Coffee is a must-try.",5,Positive
Best Pizza I've had in a while. Swiggy never disappoints.,4,Positive
"I love the new UI, it's so easy to find my favorite Continental restaurants.",4,Positive
Delivery was early and the food quality was top-notch.,5,Positive
Super fast delivery! The Dessert was still piping hot.,5,Positive
Delivery was early and the food quality was top-notch.,5,Positive
Excellent service. The delivery partner was very friendly.,5,Positive
"The discount coupon worked perfectly, saved quite a bit!",4,Positive
"The discount coupon worked perfectly, saved quite a bit!",4,Positive
Excellent service. The delivery partner was very professional.,5,Positive
"I love the new UI, it's so easy to find my favorite Italian restaurants.",5,Positive
Delivery was delayed and the food quality was top-notch.,5,Positive
Excellent service. The delivery partner was very helpful.,4,Positive
The food from Biryani House was absolutely delicious and arrived delayed.,4,Positive
Seamless payment experience and the live tracking is very accurate.,5,Positive
Delivery was late and the food quality was top-notch.,4,Positive
Super fast delivery! The Dosa was still piping hot.,5,Positive
Great experience! The packaging was perfect and no spills.,4,Positive
Seamless payment experience and the live tracking is very accurate.,4,Positive
Great experience! The packaging was perfect and no spills.,4,Positive
Super fast delivery! The Biryani was still piping hot.,5,Positive
"The discount coupon worked perfectly, saved quite a bit!",5,Positive
"The discount coupon worked perfectly, saved quite a bit!",5,Positive
Super fast delivery! The Dessert was still piping hot.,5,Positive
Great experience! The packaging was perfect and no spills.,4,Positive
Seamless payment experience and the live tracking is very accurate.,4,Positive
"Highly recommend ordering from here, the Pizza is a must-try.",4,Positive
Super fast delivery! The Dessert was still piping hot.,5,Positive
"Highly recommend ordering from here, the Dosa is a must-try.",4,Positive
Best Biryani I've had in a while. Swiggy never disappoints.,5,Positive
"I love the new UI, it's so easy to find my favorite Dessert restaurants.",4,Positive
"I love the new UI, it's so easy to find my favorite Continental restaurants.",5,Positive
Super fast delivery! The Sandwich was still piping hot.,5,Positive
Super fast delivery! The Dessert was still piping hot.,4,Positive
"Highly recommend ordering from here, the Biryani is a must-try.",5,Positive
"I love the new UI, it's so easy to find my favorite Chinese restaurants.",5,Positive
Delivery was right when expected and the food quality was top-notch.,4,Positive
"I love the new UI, it's so easy to find my favorite Dessert restaurants.",5,Positive
The food from Taco Town was absolutely delicious and arrived on time.,5,Positive
Great experience! The packaging was perfect and no spills.,5,Positive
"I love the new UI, it's so easy to find my favorite Chinese restaurants.",5,Positive
Excellent service. The delivery partner was very efficient.,4,Positive
Great experience! The packaging was perfect and no spills.,4,Positive
"I love the new UI, it's so easy to find my favorite Chinese restaurants.",5,Positive
Super fast delivery! The Biryani was still piping hot.,4,Positive
Great experience! The packaging was perfect and no spills.,5,Positive
Delivery was right when expected and the food quality was top-notch.,5,Positive
The food from Burger King was absolutely delicious and arrived delayed.,4,Positive
Super fast delivery! The Biryani was still piping hot.,4,Positive
"The discount coupon worked perfectly, saved quite a bit!",4,Positive
Delivery was late and the food quality was top-notch.,4,Positive
Best Dosa I've had in a while. Swiggy never disappoints.,5,Positive
Super fast delivery! The Sandwich was still piping hot.,4,Positive
Seamless payment experience and the live tracking is very accurate.,4,Positive
"The discount coupon worked perfectly, saved quite a bit!",5,Positive
Great experience! The packaging was perfect and no spills.,5,Positive
"I love the new UI, it's so easy to find my favorite North Indian restaurants.",4,Positive
"I love the new UI, it's so easy to find my favorite Chinese restaurants.",4,Positive
The food from South Indian Express was absolutely delicious and arrived right when expected.,4,Positive
Super fast delivery! The Dessert was still piping hot.,5,Positive
"The discount coupon worked perfectly, saved quite a bit!",4,Positive
The food from Healthy Bowls was absolutely delicious and arrived late.,5,Positive
Delivery was late and the food quality was top-notch.,4,Positive
Super fast delivery! The Dessert was still piping hot.,5,Positive
"I love the new UI, it's so easy to find my favorite Italian restaurants.",4,Positive
Seamless payment experience and the live tracking is very accurate.,4,Positive
Seamless payment experience and the live tracking is very accurate.,5,Positive
Excellent service. The delivery partner was very professional.,5,Positive
The food from Biryani House was absolutely delicious and arrived right when expected.,4,Positive
Delivery was early and the food quality was top-notch.,5,Positive
"The discount coupon worked perfectly, saved quite a bit!",5,Positive
Best Dosa I've had in a while. Swiggy never disappoints.,5,Positive
"I love the new UI, it's so easy to find my favorite Continental restaurants.",5,Positive
Excellent service. The delivery partner was very friendly.,5,Positive
"I love the new UI, it's so easy to find my favorite Chinese restaurants.",4,Positive
Best Cold Coffee I've had in a while. Swiggy never disappoints.,5,Positive
Great experience! The packaging was perfect and no spills.,5,Positive
"Highly recommend ordering from here, the Pasta is a must-try.",5,Positive
"Highly recommend ordering from here, the Dosa is a must-try.",4,Positive
Seamless payment experience and the live tracking is very accurate.,5,Positive
"Highly recommend ordering from here, the Biryani is a must-try.",4,Positive
Seamless payment experience and the live tracking is very accurate.,4,Positive
Super fast delivery! The Biryani was still piping hot.,5,Positive
"I love the new UI, it's so easy to find my favorite Dessert restaurants.",4,Positive
"Highly recommend ordering from here, the Sandwich is a must-try.",5,Positive
Delivery was late and the food quality was top-notch.,5,Positive
The food from Burger King was absolutely delicious and arrived right when expected.,4,Positive
The food from Burger King was absolutely delicious and arrived delayed.,4,Positive
"Highly recommend ordering from here, the Salad is a must-try.",4,Positive
"I love the new UI, it's so easy to find my favorite North Indian restaurants.",4,Positive
"I love the new UI, it's so easy to find my favorite Dessert restaurants.",4,Positive
Great experience! The packaging was perfect and no spills.,4,Positive
"Highly recommend ordering from here, the Pizza is a must-try.",4,Positive
Seamless payment experience and the live tracking is very accurate.,4,Positive
Best Pizza I've had in a while. Swiggy never disappoints.,4,Positive
"I love the new UI, it's so easy to find my favorite Chinese restaurants.",5,Positive
"I love the new UI, it's so easy to find my favorite North Indian restaurants.",5,Positive
"I love the new UI, it's so easy to find my favorite Chinese restaurants.",5,Positive
"Highly recommend ordering from here, the Dessert is a must-try.",5,Positive
Delivery was right when expected and the food quality was top-notch.,4,Positive
"Highly recommend ordering from here, the Dosa is a must-try.",4,Positive
The food from Burger King was absolutely delicious and arrived on time.,5,Positive
Excellent service. The delivery partner was very friendly.,4,Positive
Seamless payment experience and the live tracking is very accurate.,5,Positive
"Highly recommend ordering from here, the Salad is a must-try.",4,Positive
Super fast delivery! The Dosa was still piping hot.,5,Positive
Excellent service. The delivery partner was very friendly.,4,Positive
Great experience! The packaging was perfect and no spills.,5,Positive
Seamless payment experience and the live tracking is very accurate.,4,Positive
"The discount coupon worked perfectly, saved quite a bit!",4,Positive
"Highly recommend ordering from here, the Pizza is a must-try.",4,Positive
Best Salad I've had in a while. Swiggy never disappoints.,5,Positive
Excellent service. The delivery partner was very professional.,5,Positive
"The discount coupon worked perfectly, saved quite a bit!",4,Positive
The food from Pizza Corner was absolutely delicious and arrived right when expected.,4,Positive
The food from Taco Town was absolutely delicious and arrived early.,4,Positive
Excellent service. The delivery partner was very friendly.,4,Positive
"I love the new UI, it's so easy to find my favorite Dessert restaurants.",4,Positive
Super fast delivery! The Biryani was still piping hot.,4,Positive
"The discount coupon worked perfectly, saved quite a bit!",5,Positive
Excellent service. The delivery partner was very professional.,4,Positive
"Highly recommend ordering from here, the Dosa is a must-try.",4,Positive
The food from Biryani House was absolutely delicious and arrived delayed.,4,Positive
"I love the new UI, it's so easy to find my favorite North Indian restaurants.",5,Positive
Super fast delivery! The Cold Coffee was still piping hot.,4,Positive
Delivery was early and the food quality was top-notch.,5,Positive
Delivery was delayed and the food quality was top-notch.,4,Positive
Excellent service. The delivery partner was very friendly.,4,Positive
Seamless payment experience and the live tracking is very accurate.,4,Positive
The food from Burger King was absolutely delicious and arrived late.,4,Positive
"I love the new UI, it's so easy to find my favorite Dessert restaurants.",4,Positive
The Biryani tasted rude and was not fresh at all.,1,Negative
App kept crashing while I was trying to pay. Very frustrating.,1,Negative
The Biryani was cold and the packaging was completely unprofessional.,2,Negative
The Pizza was cold and the packaging was completely unprofessional.,1,Negative
Wrong items delivered! I ordered Dessert but got something else.,2,Negative
The Biryani was cold and the packaging was completely leaked.,2,Negative
App kept crashing while I was trying to pay. Very frustrating.,1,Negative
Wrong items delivered! I ordered Pasta but got something else.,2,Negative
The Biryani was cold and the packaging was completely soggy.,1,Negative
Wrong items delivered! I ordered Pasta but got something else.,1,Negative
Refund process is taking forever for my cancelled order.,1,Negative
Refund process is taking forever for my cancelled order.,2,Negative
Refund process is taking forever for my cancelled order.,1,Negative
The Pasta was cold and the packaging was completely leaked.,2,Negative
The Dessert tasted unprofessional and was not fresh at all.,1,Negative
The Dessert tasted rude and was not fresh at all.,2,Negative
App kept crashing while I was trying to pay. Very frustrating.,2,Negative
Customer support is non-existent. No one helped with my missing item.,1,Negative
Customer support is non-existent. No one helped with my cold food.,1,Negative
Extremely disappointed. My order from Healthy Bowls was delayed by an hour.,1,Negative
Refund process is taking forever for my cancelled order.,2,Negative
The Dosa tasted stale and was not fresh at all.,1,Negative
The delivery partner was very stale and didn't follow instructions.,1,Negative
The Pasta was cold and the packaging was completely leaked.,2,Negative
App kept crashing while I was trying to pay. Very frustrating.,2,Negative
Wrong items delivered! I ordered Pizza but got something else.,2,Negative
Tired of consistent delays from this restaurant.,1,Negative
Customer support is non-existent. No one helped with my wrong address.,1,Negative
Refund process is taking forever for my cancelled order.,1,Negative
Refund process is taking forever for my cancelled order.,1,Negative
The delivery partner was very unprofessional and didn't follow instructions.,1,Negative
The Biryani was cold and the packaging was completely messy.,2,Negative
Customer support is non-existent. No one helped with my spilled drink.,2,Negative
App kept crashing while I was trying to pay. Very frustrating.,2,Negative
Customer support is non-existent. No one helped with my spilled drink.,1,Negative
Extremely disappointed. My order from South Indian Express was delayed by an hour.,1,Negative
The Biryani tasted unprofessional and was not fresh at all.,2,Negative
Refund process is taking forever for my cancelled order.,1,Negative
The delivery partner was very soggy and didn't follow instructions.,1,Negative
"Hidden charges in the bill, the pricing is not transparent.",1,Negative
Extremely disappointed. My order from Taco Town was early by an hour.,1,Negative
App kept crashing while I was trying to pay. Very frustrating.,2,Negative
App kept crashing while I was trying to pay. Very frustrating.,2,Negative
Refund process is taking forever for my cancelled order.,2,Negative
The Sandwich was cold and the packaging was completely rude.,1,Negative
App kept crashing while I was trying to pay. Very frustrating.,1,Negative
Refund process is taking forever for my cancelled order.,2,Negative
Tired of consistent delays from this restaurant.,2,Negative
App kept crashing while I was trying to pay. Very frustrating.,1,Negative
Extremely disappointed. My order from Burger King was early by an hour.,2,Negative
The Biryani was cold and the packaging was completely rude.,1,Negative
App kept crashing while I was trying to pay. Very frustrating.,1,Negative
App kept crashing while I was trying to pay. Very frustrating.,2,Negative
The delivery partner was very unprofessional and didn't follow instructions.,2,Negative
Customer support is non-existent. No one helped with my missing item.,2,Negative
The delivery partner was very rude and didn't follow instructions.,1,Negative
Customer support is non-existent. No one helped with my wrong address.,2,Negative
Extremely disappointed. My order from Biryani House was early by an hour.,1,Negative
Refund process is taking forever for my cancelled order.,1,Negative
App kept crashing while I was trying to pay. Very frustrating.,1,Negative
The Sandwich was cold and the packaging was completely stale.,1,Negative
Extremely disappointed. My order from Pizza Corner was on time by an hour.,2,Negative
The Cold Coffee tasted leaked and was not fresh at all.,2,Negative
The Sandwich tasted unprofessional and was not fresh at all.,1,Negative
Customer support is non-existent. No one helped with my cold food.,2,Negative
Customer support is non-existent. No one helped with my cold food.,1,Negative
The Salad was cold and the packaging was completely leaked.,2,Negative
"Hidden charges in the bill, the pricing is not transparent.",1,Negative
Wrong items delivered! I ordered Dosa but got something else.,1,Negative
App kept crashing while I was trying to pay. Very frustrating.,1,Negative
Extremely disappointed. My order from Taco Town was early by an hour.,2,Negative
Refund process is taking forever for my cancelled order.,2,Negative
Tired of consistent delays from this restaurant.,2,Negative
Refund process is taking forever for my cancelled order.,1,Negative
The Sandwich was cold and the packaging was completely leaked.,2,Negative
Extremely disappointed. My order from Biryani House was on time by an hour.,2,Negative
Refund process is taking forever for my cancelled order.,2,Negative
"Hidden charges in the bill, the pricing is not transparent.",1,Negative
The delivery partner was very leaked and didn't follow instructions.,2,Negative
"Hidden charges in the bill, the pricing is not transparent.",1,Negative
The Salad tasted unprofessional and was not fresh at all.,2,Negative
App kept crashing while I was trying to pay. Very frustrating.,2,Negative
"Hidden charges in the bill, the pricing is not transparent.",2,Negative
Customer support is non-existent. No one helped with my missing item.,1,Negative
The Cold Coffee tasted soggy and was not fresh at all.,1,Negative
The Salad tasted leaked and was not fresh at all.,1,Negative
The Cold Coffee tasted soggy and was not fresh at all.,2,Negative
The Dosa was cold and the packaging was completely soggy.,2,Negative
The Dosa tasted leaked and was not fresh at all.,1,Negative
Customer support is non-existent. No one helped with my missing item.,1,Negative
"Hidden charges in the bill, the pricing is not transparent.",1,Negative
App kept crashing while I was trying to pay. Very frustrating.,2,Negative
The Sandwich tasted rude and was not fresh at all.,2,Negative
Tired of consistent delays from this restaurant.,2,Negative
App kept crashing while I was trying to pay. Very frustrating.,1,Negative
Refund process is taking forever for my cancelled order.,2,Negative
The delivery partner was very leaked and didn't follow instructions.,1,Negative
"Hidden charges in the bill, the pricing is not transparent.",1,Negative
App kept crashing while I was trying to pay. Very frustrating.,1,Negative
App kept crashing while I was trying to pay. Very frustrating.,2,Negative
The Dosa tasted messy and was not fresh at all.,1,Negative
The Sandwich was cold and the packaging was completely messy.,2,Negative
Wrong items delivered! I ordered Biryani but got something else.,2,Negative
App kept crashing while I was trying to pay. Very frustrating.,1,Negative
Extremely disappointed. My order from Pizza Corner was late by an hour.,1,Negative
Tired of consistent delays from this restaurant.,2,Negative
The Cold Coffee tasted leaked and was not fresh at all.,1,Negative
The Pizza was cold and the packaging was completely leaked.,2,Negative
The Cold Coffee was cold and the packaging was completely leaked.,2,Negative
Refund process is taking forever for my cancelled order.,2,Negative
The Dessert was cold and the packaging was completely unprofessional.,2,Negative
The Dessert tasted unprofessional and was not fresh at all.,2,Negative
"Hidden charges in the bill, the pricing is not transparent.",1,Negative
Extremely disappointed. My order from Burger King was late by an hour.,1,Negative
App kept crashing while I was trying to pay. Very frustrating.,1,Negative
Extremely disappointed. My order from Pizza Corner was on time by an hour.,1,Negative
App kept crashing while I was trying to pay. Very frustrating.,1,Negative
Extremely disappointed. My order from South Indian Express was late by an hour.,2,Negative
The delivery partner was very messy and didn't follow instructions.,2,Negative
The delivery partner was very messy and didn't follow instructions.,1,Negative
The Cold Coffee tasted rude and was not fresh at all.,1,Negative
Wrong items delivered! I ordered Cold Coffee but got something else.,2,Negative
Refund process is taking forever for my cancelled order.,1,Negative
Wrong items delivered! I ordered Pasta but got something else.,1,Negative
The Dosa was cold and the packaging was completely rude.,2,Negative
Refund process is taking forever for my cancelled order.,2,Negative
Wrong items delivered! I ordered Biryani but got something else.,2,Negative
The Sandwich tasted soggy and was not fresh at all.,1,Negative
App kept crashing while I was trying to pay. Very frustrating.,2,Negative
App kept crashing while I was trying to pay. Very frustrating.,2,Negative
App kept crashing while I was trying to pay. Very frustrating.,1,Negative
Extremely disappointed. My order from Healthy Bowls was early by an hour.,2,Negative
The delivery partner was very stale and didn't follow instructions.,2,Negative
Extremely disappointed. My order from Burger King was delayed by an hour.,2,Negative
The Dessert was cold and the packaging was completely messy.,1,Negative
The Salad tasted soggy and was not fresh at all.,1,Negative
Extremely disappointed. My order from Burger King was delayed by an hour.,1,Negative
Extremely disappointed. My order from Biryani House was right when expected by an hour.,1,Negative
Refund process is taking forever for my cancelled order.,1,Negative
Extremely disappointed. My order from Biryani House was on time by an hour.,1,Negative
Extremely disappointed. My order from Taco Town was right when expected by an hour.,2,Negative
"Hidden charges in the bill, the pricing is not transparent.",1,Negative
The delivery partner was very rude and didn't follow instructions.,1,Negative
Customer support is non-existent. No one helped with my wrong address.,1,Negative
App kept crashing while I was trying to pay. Very frustrating.,2,Negative
App kept crashing while I was trying to pay. Very frustrating.,2,Negative
"Hidden charges in the bill, the pricing is not transparent.",2,Negative
"Hidden charges in the bill, the pricing is not transparent.",2,Negative
Customer support is non-existent. No one helped with my wrong address.,1,Negative
Wrong items delivered! I ordered Dessert but got something else.,1,Negative
App kept crashing while I was trying to pay. Very frustrating.,2,Negative
Extremely disappointed. My order from Burger King was right when expected by an hour.,1,Negative
The Pasta tasted messy and was not fresh at all.,1,Negative
"Hidden charges in the bill, the pricing is not transparent.",1,Negative
The delivery partner was very stale and didn't follow instructions.,1,Negative
Refund process is taking forever for my cancelled order.,1,Negative
Tired of consistent delays from this restaurant.,1,Negative
Extremely disappointed. My order from Taco Town was right when expected by an hour.,2,Negative
The Pizza tasted stale and was not fresh at all.,2,Negative
Refund process is taking forever for my cancelled order.,2,Negative
Tired of consistent delays from this restaurant.,2,Negative
Refund process is taking forever for my cancelled order.,2,Negative
Wrong items delivered! I ordered Sandwich but got something else.,2,Negative
The delivery partner was very stale and didn't follow instructions.,1,Negative
The delivery partner was very unprofessional and didn't follow instructions.,2,Negative
Extremely disappointed. My order from Taco Town was early by an hour.,1,Negative
Extremely disappointed. My order from Burger King was right when expected by an hour.,2,Negative
Wrong items delivered! I ordered Cold Coffee but got something else.,2,Negative
Extremely disappointed. My order from Pizza Corner was delayed by an hour.,2,Negative
Wrong items delivered! I ordered Cold Coffee but got something else.,1,Negative
The Salad was cold and the packaging was completely unprofessional.,1,Negative
The delivery partner was very leaked and didn't follow instructions.,2,Negative
Wrong items delivered! I ordered Biryani but got something else.,2,Negative
The Cold Coffee was cold and the packaging was completely soggy.,1,Negative
Extremely disappointed. My order from Pizza Corner was late by an hour.,2,Negative
The delivery partner was very messy and didn't follow instructions.,2,Negative
Tired of consistent delays from this restaurant.,1,Negative
Extremely disappointed. My order from Healthy Bowls was delayed by an hour.,2,Negative
Extremely disappointed. My order from Healthy Bowls was on time by an hour.,1,Negative
The delivery partner was very unprofessional and didn't follow instructions.,1,Negative
App kept crashing while I was trying to pay. Very frustrating.,1,Negative
Extremely disappointed. My order from Burger King was right when expected by an hour.,2,Negative
Tired of consistent delays from this restaurant.,2,Negative
The Cold Coffee tasted messy and was not fresh at all.,2,Negative
"Hidden charges in the bill, the pricing is not transparent.",2,Negative
The delivery partner was very soggy and didn't follow instructions.,2,Negative
The delivery partner was very stale and didn't follow instructions.,2,Negative
Tired of consistent delays from this restaurant.,1,Negative
Extremely disappointed. My order from Pizza Corner was early by an hour.,1,Negative
The delivery partner was very stale and didn't follow instructions.,1,Negative
The delivery partner was very messy and didn't follow instructions.,1,Negative
App kept crashing while I was trying to pay. Very frustrating.,1,Negative
The delivery partner was very unprofessional and didn't follow instructions.,1,Negative
The Pasta was cold and the packaging was completely rude.,2,Negative
Customer support is non-existent. No one helped with my cold food.,2,Negative
Extremely disappointed. My order from Taco Town was delayed by an hour.,1,Negative
The Pasta was cold and the packaging was completely soggy.,1,Negative
Extremely disappointed. My order from Biryani House was on time by an hour.,1,Negative
Refund process is taking forever for my cancelled order.,2,Negative
Customer support is non-existent. No one helped with my missing item.,2,Negative
Wrong items delivered! I ordered Dessert but got something else.,2,Negative
The delivery partner was very stale and didn't follow instructions.,2,Negative
"Hidden charges in the bill, the pricing is not transparent.",1,Negative
Wrong items delivered! I ordered Pizza but got something else.,2,Negative
Customer support is non-existent. No one helped with my wrong address.,1,Negative
"Hidden charges in the bill, the pricing is not transparent.",2,Negative
App kept crashing while I was trying to pay. Very frustrating.,1,Negative
Customer support is non-existent. No one helped with my wrong address.,1,Negative
Extremely disappointed. My order from South Indian Express was delayed by an hour.,1,Negative
The delivery partner was very rude and didn't follow instructions.,2,Negative
"Hidden charges in the bill, the pricing is not transparent.",2,Negative
Wrong items delivered! I ordered Pizza but got something else.,2,Negative
Wrong items delivered! I ordered Sandwich but got something else.,1,Negative
The Cold Coffee was cold and the packaging was completely messy.,2,Negative
Extremely disappointed. My order from Pizza Corner was early by an hour.,2,Negative
Extremely disappointed. My order from Healthy Bowls was on time by an hour.,2,Negative
Extremely disappointed. My order from Biryani House was right when expected by an hour.,1,Negative
Wrong items delivered! I ordered Pizza but got something else.,2,Negative
Customer support is non-existent. No one helped with my missing item.,1,Negative
Tired of consistent delays from this restaurant.,1,Negative
The Dessert was cold and the packaging was completely rude.,2,Negative
Wrong items delivered! I ordered Dessert but got something else.,1,Negative
The Salad was cold and the packaging was completely messy.,1,Negative
The delivery partner was very rude and didn't follow instructions.,1,Negative
Extremely disappointed. My order from Burger King was on time by an hour.,1,Negative
Refund process is taking forever for my cancelled order.,2,Negative
The Dessert tasted soggy and was not fresh at all.,2,Negative
The delivery partner was very messy and didn't follow instructions.,1,Negative
App kept crashing while I was trying to pay. Very frustrating.,1,Negative
Wrong items delivered! I ordered Pizza but got something else.,1,Negative
App kept crashing while I was trying to pay. Very frustrating.,2,Negative
"Hidden charges in the bill, the pricing is not transparent.",2,Negative
Tired of consistent delays from this restaurant.,2,Negative
Tired of consistent delays from this restaurant.,2,Negative
The Biryani tasted unprofessional and was not fresh at all.,2,Negative
Wrong items delivered! I ordered Pasta but got something else.,2,Negative
Extremely disappointed. My order from Burger King was on time by an hour.,1,Negative
Customer support is non-existent. No one helped with my cold food.,2,Negative
Customer support is non-existent. No one helped with my missing item.,1,Negative
App kept crashing while I was trying to pay. Very frustrating.,1,Negative
"Hidden charges in the bill, the pricing is not transparent.",1,Negative
Extremely disappointed. My order from Pizza Corner was delayed by an hour.,2,Negative
The delivery partner was very rude and didn't follow instructions.,1,Negative
App kept crashing while I was trying to pay. Very frustrating.,2,Negative
The Dessert was cold and the packaging was completely leaked.,2,Negative
The Salad was cold and the packaging was completely stale.,2,Negative
Extremely disappointed. My order from Burger King was right when expected by an hour.,2,Negative
Wrong items delivered! I ordered Sandwich but got something else.,1,Negative
The Cold Coffee was cold and the packaging was completely soggy.,1,Negative
Extremely disappointed. My order from South Indian Express was delayed by an hour.,1,Negative
The delivery partner was very unprofessional and didn't follow instructions.,2,Negative
Wrong items delivered! I ordered Sandwich but got something else.,1,Negative
The Salad tasted leaked and was not fresh at all.,1,Negative
Refund process is taking forever for my cancelled order.,2,Negative
Extremely disappointed. My order from Biryani House was early by an hour.,2,Negative
The Cold Coffee tasted rude and was not fresh at all.,1,Negative
"Hidden charges in the bill, the pricing is not transparent.",1,Negative
Customer support is non-existent. No one helped with my wrong address.,1,Negative
The Dessert was cold and the packaging was completely soggy.,1,Negative
The Dosa was cold and the packaging was completely unprofessional.,2,Negative
App kept crashing while I was trying to pay. Very frustrating.,1,Negative
Tired of consistent delays from this restaurant.,2,Negative
Customer support is non-existent. No one helped with my cold food.,1,Negative
Tired of consistent delays from this restaurant.,1,Negative
Customer support is non-existent. No one helped with my cold food.,2,Negative
The Cold Coffee was cold and the packaging was completely unprofessional.,1,Negative
The delivery partner was very stale and didn't follow instructions.,1,Negative
Refund process is taking forever for my cancelled order.,1,Negative
Customer support is non-existent. No one helped with my spilled drink.,2,Negative
App kept crashing while I was trying to pay. Very frustrating.,2,Negative
The Cold Coffee tasted rude and was not fresh at all.,1,Negative
App kept crashing while I was trying to pay. Very frustrating.,2,Negative
Extremely disappointed. My order from South Indian Express was right when expected by an hour.,2,Negative
The delivery partner was very rude and didn't follow instructions.,2,Negative
The Salad tasted unprofessional and was not fresh at all.,2,Negative
Extremely disappointed. My order from Pizza Corner was late by an hour.,1,Negative
"Hidden charges in the bill, the pricing is not transparent.",2,Negative
The Biryani tasted unprofessional and was not fresh at all.,2,Negative
Wrong items delivered! I ordered Dosa but got something else.,2,Negative
The Biryani tasted stale and was not fresh at all.,1,Negative
Extremely disappointed. My order from Biryani House was early by an hour.,2,Negative
Refund process is taking forever for my cancelled order.,1,Negative
Refund process is taking forever for my cancelled order.,1,Negative
"Hidden charges in the bill, the pricing is not transparent.",2,Negative
Extremely disappointed. My order from Burger King was early by an hour.,1,Negative
The delivery partner was very rude and didn't follow instructions.,2,Negative
"Hidden charges in the bill, the pricing is not transparent.",2,Negative
Extremely disappointed. My order from Healthy Bowls was early by an hour.,2,Negative
Extremely disappointed. My order from Burger King was late by an hour.,1,Negative
The Biryani tasted rude and was not fresh at all.,2,Negative
Wrong items delivered! I ordered Dessert but got something else.,1,Negative
Wrong items delivered! I ordered Cold Coffee but got something else.,1,Negative
The delivery partner was very messy and didn't follow instructions.,2,Negative
The Dessert was cold and the packaging was completely leaked.,1,Negative
Tired of consistent delays from this restaurant.,1,Negative
The delivery partner was very messy and didn't follow instructions.,1,Negative
Refund process is taking forever for my cancelled order.,1,Negative
Customer support is non-existent. No one helped with my spilled drink.,2,Negative
App kept crashing while I was trying to pay. Very frustrating.,2,Negative
The delivery partner was very rude and didn't follow instructions.,2,Negative
The delivery partner was very unprofessional and didn't follow instructions.,2,Negative
Refund process is taking forever for my cancelled order.,1,Negative
Tired of consistent delays from this restaurant.,2,Negative
The delivery partner was very soggy and didn't follow instructions.,2,Negative
App kept crashing while I was trying to pay. Very frustrating.,1,Negative
The Dosa was cold and the packaging was completely unprofessional.,2,Negative
Refund process is taking forever for my cancelled order.,2,Negative
App kept crashing while I was trying to pay. Very frustrating.,2,Negative
Refund process is taking forever for my cancelled order.,2,Negative
Extremely disappointed. My order from South Indian Express was right when expected by an hour.,1,Negative
Extremely disappointed. My order from Biryani House was late by an hour.,1,Negative
Extremely disappointed. My order from Burger King was on time by an hour.,1,Negative
The delivery partner was very rude and didn't follow instructions.,2,Negative
The Dosa was cold and the packaging was completely soggy.,2,Negative
"Hidden charges in the bill, the pricing is not transparent.",1,Negative
The Dessert tasted rude and was not fresh at all.,1,Negative
The Biryani tasted leaked and was not fresh at all.,2,Negative
Tired of consistent delays from this restaurant.,1,Negative
Extremely disappointed. My order from South Indian Express was early by an hour.,2,Negative
The Dosa tasted soggy and was not fresh at all.,2,Negative
Refund process is taking forever for my cancelled order.,1,Negative
Customer support is non-existent. No one helped with my missing item.,2,Negative
Tired of consistent delays from this restaurant.,1,Negative
Tired of consistent delays from this restaurant.,2,Negative
The delivery partner was very soggy and didn't follow instructions.,2,Negative
"Hidden charges in the bill, the pricing is not transparent.",1,Negative
The delivery partner was very unprofessional and didn't follow instructions.,2,Negative
"Hidden charges in the bill, the pricing is not transparent.",2,Negative
Customer support is non-existent. No one helped with my missing item.,1,Negative
Wrong items delivered! I ordered Biryani but got something else.,2,Negative
Customer support is non-existent. No one helped with my wrong address.,1,Negative
Customer support is non-existent. No one helped with my spilled drink.,1,Negative
Tired of consistent delays from this restaurant.,2,Negative
Wrong items delivered! I ordered Cold Coffee but got something else.,2,Negative
Tired of consistent delays from this restaurant.,2,Negative
The Sandwich tasted messy and was not fresh at all.,2,Negative
Customer support is non-existent. No one helped with my wrong address.,1,Negative
App kept crashing while I was trying to pay. Very frustrating.,1,Negative
Wrong items delivered! I ordered Sandwich but got something else.,2,Negative
Refund process is taking forever for my cancelled order.,1,Negative
Tired of consistent delays from this restaurant.,2,Negative
Tired of consistent delays from this restaurant.,2,Negative
Wrong items delivered! I ordered Dosa but got something else.,2,Negative
Customer support is non-existent. No one helped with my cold food.,1,Negative
Tired of consistent delays from this restaurant.,1,Negative
The delivery partner was very leaked and didn't follow instructions.,1,Negative
Tired of consistent delays from this restaurant.,1,Negative
Refund process is taking forever for my cancelled order.,2,Negative
App kept crashing while I was trying to pay. Very frustrating.,2,Negative
Refund process is taking forever for my cancelled order.,1,Negative
Extremely disappointed. My order from Biryani House was early by an hour.,1,Negative
The delivery partner was very soggy and didn't follow instructions.,2,Negative
Refund process is taking forever for my cancelled order.,1,Negative
Customer support is non-existent. No one helped with my cold food.,1,Negative
Wrong items delivered! I ordered Biryani but got something else.,2,Negative
The delivery partner was very messy and didn't follow instructions.,1,Negative
The Cold Coffee was cold and the packaging was completely leaked.,2,Negative
Extremely disappointed. My order from Burger King was early by an hour.,1,Negative
Refund process is taking forever for my cancelled order.,1,Negative
Wrong items delivered! I ordered Biryani but got something else.,2,Negative
The delivery partner was very stale and didn't follow instructions.,1,Negative
Wrong items delivered! I ordered Sandwich but got something else.,2,Negative
The delivery partner was very rude and didn't follow instructions.,1,Negative
The Biryani was cold and the packaging was completely soggy.,2,Negative
The Cold Coffee tasted unprofessional and was not fresh at all.,2,Negative
"Hidden charges in the bill, the pricing is not transparent.",1,Negative
Tired of consistent delays from this restaurant.,1,Negative
Customer support is non-existent. No one helped with my missing item.,1,Negative
"Hidden charges in the bill, the pricing is not transparent.",1,Negative
The Sandwich was cold and the packaging was completely soggy.,2,Negative
The delivery partner was very messy and didn't follow instructions.,2,Negative
Extremely disappointed. My order from Pizza Corner was late by an hour.,2,Negative
"Hidden charges in the bill, the pricing is not transparent.",1,Negative
Refund process is taking forever for my cancelled order.,2,Negative
Refund process is taking forever for my cancelled order.,2,Negative
The Cold Coffee was cold and the packaging was completely soggy.,1,Negative
The Cold Coffee tasted soggy and was not fresh at all.,2,Negative
"Hidden charges in the bill, the pricing is not transparent.",1,Negative
The Salad was cold and the packaging was completely stale.,1,Negative
The delivery partner was very soggy and didn't follow instructions.,1,Negative
Tired of consistent delays from this restaurant.,1,Negative
Tired of consistent delays from this restaurant.,2,Negative
The Pizza was cold and the packaging was completely rude.,2,Negative
Refund process is taking forever for my cancelled order.,1,Negative
"Hidden charges in the bill, the pricing is not transparent.",1,Negative
The Biryani tasted leaked and was not fresh at all.,1,Negative
The Cold Coffee was cold and the packaging was completely stale.,1,Negative
The Dessert tasted stale and was not fresh at all.,1,Negative
App kept crashing while I was trying to pay. Very frustrating.,1,Negative
Tired of consistent delays from this restaurant.,2,Negative
Wrong items delivered! I ordered Cold Coffee but got something else.,1,Negative
Refund process is taking forever for my cancelled order.,2,Negative
The Pizza tasted stale and was not fresh at all.,2,Negative
The Pasta was cold and the packaging was completely unprofessional.,2,Negative
Refund process is taking forever for my cancelled order.,2,Negative
Wrong items delivered! I ordered Sandwich but got something else.,1,Negative
Refund process is taking forever for my cancelled order.,2,Negative
Tired of consistent delays from this restaurant.,2,Negative
The delivery partner was very stale and didn't follow instructions.,1,Negative
Tired of consistent delays from this restaurant.,1,Negative
Customer support is non-existent. No one helped with my cold food.,1,Negative
App kept crashing while I was trying to pay. Very frustrating.,2,Negative
Extremely disappointed. My order from Pizza Corner was early by an hour.,2,Negative
"Hidden charges in the bill, the pricing is not transparent.",1,Negative
"Hidden charges in the bill, the pricing is not transparent.",2,Negative
Extremely disappointed. My order from Taco Town was early by an hour.,2,Negative
The delivery partner was very leaked and didn't follow instructions.,1,Negative
The Dosa was cold and the packaging was completely leaked.,2,Negative
Wrong items delivered! I ordered Biryani but got something else.,1,Negative
The delivery partner was very leaked and didn't follow instructions.,2,Negative
The Dosa tasted soggy and was not fresh at all.,1,Negative
The Cold Coffee tasted messy and was not fresh at all.,1,Negative
"Hidden charges in the bill, the pricing is not transparent.",2,Negative
Refund process is taking forever for my cancelled order.,1,Negative
Wrong items delivered! I ordered Sandwich but got something else.,1,Negative
Tired of consistent delays from this restaurant.,1,Negative
"Hidden charges in the bill, the pricing is not transparent.",1,Negative
Tired of consistent delays from this restaurant.,2,Negative
Extremely disappointed. My order from Biryani House was on time by an hour.,1,Negative
Tired of consistent delays from this restaurant.,1,Negative
Refund process is taking forever for my cancelled order.,1,Negative
Customer support is non-existent. No one helped with my wrong address.,1,Negative
The Pizza was cold and the packaging was completely stale.,1,Negative
App kept crashing while I was trying to pay. Very frustrating.,1,Negative
Wrong items delivered! I ordered Pasta but got something else.,1,Negative
The Pizza tasted rude and was not fresh at all.,1,Negative
The Salad tasted messy and was not fresh at all.,1,Negative
Customer support is non-existent. No one helped with my cold food.,2,Negative
Extremely disappointed. My order from Pizza Corner was delayed by an hour.,2,Negative
Refund process is taking forever for my cancelled order.,1,Negative
Wrong items delivered! I ordered Pizza but got something else.,1,Negative
Refund process is taking forever for my cancelled order.,1,Negative
Refund process is taking forever for my cancelled order.,1,Negative
The delivery partner was very messy and didn't follow instructions.,2,Negative
App kept crashing while I was trying to pay. Very frustrating.,2,Negative
Wrong items delivered! I ordered Pasta but got something else.,2,Negative
The Dessert was cold and the packaging was completely leaked.,1,Negative
The Salad was cold and the packaging was completely rude.,1,Negative
Tired of consistent delays from this restaurant.,1,Negative
The Pizza tasted messy and was not fresh at all.,1,Negative
The Salad tasted rude and was not fresh at all.,1,Negative
The delivery partner was very leaked and didn't follow instructions.,1,Negative
Refund process is taking forever for my cancelled order.,1,Negative
"Hidden charges in the bill, the pricing is not transparent.",2,Negative
The Dessert tasted soggy and was not fresh at all.,1,Negative
The Dessert tasted leaked and was not fresh at all.,2,Negative
Tired of consistent delays from this restaurant.,2,Negative
Extremely disappointed. My order from Pizza Corner was right when expected by an hour.,2,Negative
The Biryani tasted stale and was not fresh at all.,2,Negative
The Cold Coffee tasted messy and was not fresh at all.,2,Negative
Extremely disappointed. My order from Burger King was on time by an hour.,2,Negative
The Pizza was cold and the packaging was completely messy.,2,Negative
App kept crashing while I was trying to pay. Very frustrating.,2,Negative
Tired of consistent delays from this restaurant.,1,Negative
The Sandwich tasted stale and was not fresh at all.,1,Negative
The delivery partner was very leaked and didn't follow instructions.,1,Negative
Wrong items delivered! I ordered Biryani but got something else.,1,Negative
Customer support is non-existent. No one helped with my wrong address.,1,Negative
Refund process is taking forever for my cancelled order.,2,Negative
The Pasta tasted soggy and was not fresh at all.,1,Negative
App kept crashing while I was trying to pay. Very frustrating.,2,Negative
App kept crashing while I was trying to pay. Very frustrating.,2,Negative
The Sandwich was cold and the packaging was completely messy.,1,Negative
The Cold Coffee was cold and the packaging was completely leaked.,2,Negative
The Biryani tasted soggy and was not fresh at all.,2,Negative
The Dessert tasted unprofessional and was not fresh at all.,2,Negative
Tired of consistent delays from this restaurant.,1,Negative
The Dosa tasted unprofessional and was not fresh at all.,1,Negative
App kept crashing while I was trying to pay. Very frustrating.,1,Negative
"Hidden charges in the bill, the pricing is not transparent.",2,Negative
Customer support is non-existent. No one helped with my wrong address.,2,Negative
Customer support is non-existent. No one helped with my wrong address.,2,Negative
The delivery partner was very stale and didn't follow instructions.,2,Negative
Extremely disappointed. My order from South Indian Express was early by an hour.,1,Negative
The Salad was cold and the packaging was completely soggy.,1,Negative
Tired of consistent delays from this restaurant.,1,Negative
Tired of consistent delays from this restaurant.,2,Negative
Customer support is non-existent. No one helped with my wrong address.,2,Negative
Refund process is taking forever for my cancelled order.,2,Negative
Tired of consistent delays from this restaurant.,2,Negative
"Hidden charges in the bill, the pricing is not transparent.",2,Negative
Extremely disappointed. My order from Healthy Bowls was late by an hour.,1,Negative
App kept crashing while I was trying to pay. Very frustrating.,1,Negative
Wrong items delivered! I ordered Sandwich but got something else.,1,Negative
Tired of consistent delays from this restaurant.,1,Negative
"Hidden charges in the bill, the pricing is not transparent.",1,Negative
Customer support is non-existent. No one helped with my cold food.,2,Negative
The Cold Coffee tasted stale and was not fresh at all.,2,Negative
App kept crashing while I was trying to pay. Very frustrating.,2,Negative
Customer support is non-existent. No one helped with my wrong address.,2,Negative
Wrong items delivered! I ordered Pizza but got something else.,2,Negative
Extremely disappointed. My order from Biryani House was late by an hour.,2,Negative
Customer support is non-existent. No one helped with my cold food.,1,Negative
The Pasta tasted rude and was not fresh at all.,2,Negative
"Hidden charges in the bill, the pricing is not transparent.",2,Negative
Wrong items delivered! I ordered Sandwich but got something else.,1,Negative
The delivery partner was very leaked and didn't follow instructions.,2,Negative
Customer support is non-existent. No one helped with my spilled drink.,1,Negative
Extremely disappointed. My order from Burger King was early by an hour.,1,Negative
Customer support is non-existent. No one helped with my spilled drink.,2,Negative
The delivery partner was very unprofessional and didn't follow instructions.,2,Negative
The delivery partner was very soggy and didn't follow instructions.,1,Negative
Customer support is non-existent. No one helped with my wrong address.,1,Negative
Wrong items delivered! I ordered Dessert but got something else.,1,Negative
Customer support is non-existent. No one helped with my missing item.,1,Negative
Refund process is taking forever for my cancelled order.,1,Negative
Tired of consistent delays from this restaurant.,2,Negative
The Cold Coffee tasted unprofessional and was not fresh at all.,2,Negative
Extremely disappointed. My order from Taco Town was delayed by an hour.,2,Negative
App kept crashing while I was trying to pay. Very frustrating.,2,Negative
The Pasta tasted unprofessional and was not fresh at all.,1,Negative
Extremely disappointed. My order from Pizza Corner was right when expected by an hour.,2,Negative
The delivery partner was very stale and didn't follow instructions.,2,Negative
App kept crashing while I was trying to pay. Very frustrating.,1,Negative
"Hidden charges in the bill, the pricing is not transparent.",2,Negative
Refund process is taking forever for my cancelled order.,2,Negative
"Hidden charges in the bill, the pricing is not transparent.",1,Negative
Customer support is non-existent. No one helped with my wrong address.,1,Negative
The Dosa tasted messy and was not fresh at all.,1,Negative
App kept crashing while I was trying to pay. Very frustrating.,1,Negative
"Hidden charges in the bill, the pricing is not transparent.",1,Negative
The delivery partner was very leaked and didn't follow instructions.,2,Negative
Refund process is taking forever for my cancelled order.,1,Negative
Refund process is taking forever for my cancelled order.,1,Negative
Wrong items delivered! I ordered Sandwich but got something else.,1,Negative
The delivery partner was very soggy and didn't follow instructions.,1,Negative
App kept crashing while I was trying to pay. Very frustrating.,1,Negative
The Pasta tasted soggy and was not fresh at all.,2,Negative
Customer support is non-existent. No one helped with my cold food.,2,Negative
Tired of consistent delays from this restaurant.,1,Negative
The Dosa tasted unprofessional and was not fresh at all.,2,Negative
Wrong items delivered! I ordered Pasta but got something else.,1,Negative
App kept crashing while I was trying to pay. Very frustrating.,1,Negative
"Hidden charges in the bill, the pricing is not transparent.",1,Negative
Refund process is taking forever for my cancelled order.,2,Negative
Wrong items delivered! I ordered Dessert but got something else.,2,Negative
App kept crashing while I was trying to pay. Very frustrating.,1,Negative
Customer support is non-existent. No one helped with my spilled drink.,1,Negative
App kept crashing while I was trying to pay. Very frustrating.,1,Negative
Refund process is taking forever for my cancelled order.,2,Negative
The Cold Coffee tasted stale and was not fresh at all.,2,Negative
Extremely disappointed. My order from Biryani House was delayed by an hour.,2,Negative
Wrong items delivered! I ordered Cold Coffee but got something else.,2,Negative
Customer support is non-existent. No one helped with my wrong address.,1,Negative
The Pizza was cold and the packaging was completely stale.,1,Negative
Tired of consistent delays from this restaurant.,1,Negative
Tired of consistent delays from this restaurant.,2,Negative
Customer support is non-existent. No one helped with my wrong address.,2,Negative
Extremely disappointed. My order from Pizza Corner was right when expected by an hour.,2,Negative
Tired of consistent delays from this restaurant.,2,Negative
"Decent variety of restaurants, but many are currently unavailable.",3,Neutral
"The Pasta was good, however the portion size was a bit small.",3,Neutral
"Fairly priced food, but the delivery fee is a bit high.",3,Neutral
Everything was fine but the delivery partner took a while to find the apartment.,3,Neutral
"Standard delivery, no issues but no surprises either.",3,Neutral
"Fairly priced food, but the delivery fee is a bit high.",3,Neutral
"The Dessert was good, however the portion size was a bit small.",3,Neutral
"Standard delivery, no issues but no surprises either.",3,Neutral
"Standard delivery, no issues but no surprises either.",3,Neutral
"Fairly priced food, but the delivery fee is a bit high.",3,Neutral
"The restaurant forgot the extra tissues, but the main meal was fine.",3,Neutral
"Decent variety of restaurants, but many are currently unavailable.",3,Neutral
"The restaurant forgot the extra spoons, but the main meal was fine.",3,Neutral
"Decent variety of restaurants, but many are currently unavailable.",3,Neutral
Everything was fine but the delivery partner took a while to find the apartment.,3,Neutral
"Delivery was on time, but the map tracking was a bit glitchy.",3,Neutral
"The food was okay, nothing special but delivery was late.",3,Neutral
"Delivery was on time, but the map tracking was a bit glitchy.",3,Neutral
"The restaurant forgot the extra ketchup, but the main meal was fine.",3,Neutral
"The food was okay, nothing special but delivery was late.",3,Neutral
Average experience. The Pasta was decent but could be better.,3,Neutral
"Fairly priced food, but the delivery fee is a bit high.",3,Neutral
"The Cold Coffee was good, however the portion size was a bit small.",3,Neutral
"Fairly priced food, but the delivery fee is a bit high.",3,Neutral
"Standard delivery, no issues but no surprises either.",3,Neutral
"The Dosa was good, however the portion size was a bit small.",3,Neutral
"Standard delivery, no issues but no surprises either.",3,Neutral
"The food was okay, nothing special but delivery was early.",3,Neutral
Everything was fine but the delivery partner took a while to find the apartment.,3,Neutral
Average experience. The Pizza was decent but could be better.,3,Neutral
"Fairly priced food, but the delivery fee is a bit high.",3,Neutral
"Fairly priced food, but the delivery fee is a bit high.",3,Neutral
"Fairly priced food, but the delivery fee is a bit high.",3,Neutral
"It's an okay app, does the job but has some minor bugs.",3,Neutral
"Standard delivery, no issues but no surprises either.",3,Neutral
"The Dosa was good, however the portion size was a bit small.",3,Neutral
"The Pasta was good, however the portion size was a bit small.",3,Neutral
Average experience. The Pasta was decent but could be better.,3,Neutral
"It's an okay app, does the job but has some minor bugs.",3,Neutral
"Fairly priced food, but the delivery fee is a bit high.",3,Neutral
"The Sandwich was good, however the portion size was a bit small.",3,Neutral
"It's an okay app, does the job but has some minor bugs.",3,Neutral
Everything was fine but the delivery partner took a while to find the gate.,3,Neutral
"Delivery was on time, but the map tracking was a bit glitchy.",3,Neutral
Average experience. The Salad was decent but could be better.,3,Neutral
"Decent variety of restaurants, but many are currently unavailable.",3,Neutral
"Decent variety of restaurants, but many are currently unavailable.",3,Neutral
"Decent variety of restaurants, but many are currently unavailable.",3,Neutral
"It's an okay app, does the job but has some minor bugs.",3,Neutral
"Standard delivery, no issues but no surprises either.",3,Neutral
"The restaurant forgot the extra tissues, but the main meal was fine.",3,Neutral
"Delivery was on time, but the map tracking was a bit glitchy.",3,Neutral
"The restaurant forgot the extra tissues, but the main meal was fine.",3,Neutral
"Fairly priced food, but the delivery fee is a bit high.",3,Neutral
"The Salad was good, however the portion size was a bit small.",3,Neutral
"Standard delivery, no issues but no surprises either.",3,Neutral
"Decent variety of restaurants, but many are currently unavailable.",3,Neutral
"Decent variety of restaurants, but many are currently unavailable.",3,Neutral
"The restaurant forgot the extra ketchup, but the main meal was fine.",3,Neutral
"Fairly priced food, but the delivery fee is a bit high.",3,Neutral
"Decent variety of restaurants, but many are currently unavailable.",3,Neutral
"Standard delivery, no issues but no surprises either.",3,Neutral
"Fairly priced food, but the delivery fee is a bit high.",3,Neutral
Average experience. The Cold Coffee was decent but could be better.,3,Neutral
"Fairly priced food, but the delivery fee is a bit high.",3,Neutral
"Fairly priced food, but the delivery fee is a bit high.",3,Neutral
"The food was okay, nothing special but delivery was early.",3,Neutral
"The restaurant forgot the extra spoons, but the main meal was fine.",3,Neutral
"The restaurant forgot the extra tissues, but the main meal was fine.",3,Neutral
Everything was fine but the delivery partner took a while to find the apartment.,3,Neutral
"Delivery was on time, but the map tracking was a bit glitchy.",3,Neutral
"The food was okay, nothing special but delivery was early.",3,Neutral
"Fairly priced food, but the delivery fee is a bit high.",3,Neutral
Average experience. The Dosa was decent but could be better.,3,Neutral
Average experience. The Salad was decent but could be better.,3,Neutral
"The Salad was good, however the portion size was a bit small.",3,Neutral
"Standard delivery, no issues but no surprises either.",3,Neutral
"Fairly priced food, but the delivery fee is a bit high.",3,Neutral
Everything was fine but the delivery partner took a while to find the building.,3,Neutral
Everything was fine but the delivery partner took a while to find the gate.,3,Neutral
"It's an okay app, does the job but has some minor bugs.",3,Neutral
"Delivery was on time, but the map tracking was a bit glitchy.",3,Neutral
"It's an okay app, does the job but has some minor bugs.",3,Neutral
Average experience. The Pasta was decent but could be better.,3,Neutral
"Fairly priced food, but the delivery fee is a bit high.",3,Neutral
"Standard delivery, no issues but no surprises either.",3,Neutral
"The restaurant forgot the extra oregano, but the main meal was fine.",3,Neutral
"The restaurant forgot the extra ketchup, but the main meal was fine.",3,Neutral
"Decent variety of restaurants, but many are currently unavailable.",3,Neutral
"Decent variety of restaurants, but many are currently unavailable.",3,Neutral
Everything was fine but the delivery partner took a while to find the landmark.,3,Neutral
Average experience. The Dessert was decent but could be better.,3,Neutral
"Fairly priced food, but the delivery fee is a bit high.",3,Neutral
"Decent variety of restaurants, but many are currently unavailable.",3,Neutral
"It's an okay app, does the job but has some minor bugs.",3,Neutral
"Delivery was on time, but the map tracking was a bit glitchy.",3,Neutral
"The food was okay, nothing special but delivery was right when expected.",3,Neutral
Everything was fine but the delivery partner took a while to find the gate.,3,Neutral
"The food was okay, nothing special but delivery was on time.",3,Neutral
"Standard delivery, no issues but no surprises either.",3,Neutral
"Decent variety of restaurants, but many are currently unavailable.",3,Neutral
"The food was okay, nothing special but delivery was right when expected.",3,Neutral
Average experience. The Dessert was decent but could be better.,3,Neutral
"Decent variety of restaurants, but many are currently unavailable.",3,Neutral
"Delivery was on time, but the map tracking was a bit glitchy.",3,Neutral
"Standard delivery, no issues but no surprises either.",3,Neutral
"It's an okay app, does the job but has some minor bugs.",3,Neutral
"Delivery was on time, but the map tracking was a bit glitchy.",3,Neutral
"Standard delivery, no issues but no surprises either.",3,Neutral
"Decent variety of restaurants, but many are currently unavailable.",3,Neutral
"The food was okay, nothing special but delivery was late.",3,Neutral
"The food was okay, nothing special but delivery was right when expected.",3,Neutral
Everything was fine but the delivery partner took a while to find the landmark.,3,Neutral
"It's an okay app, does the job but has some minor bugs.",3,Neutral
"It's an okay app, does the job but has some minor bugs.",3,Neutral
"Fairly priced food, but the delivery fee is a bit high.",3,Neutral
"Decent variety of restaurants, but many are currently unavailable.",3,Neutral
"The food was okay, nothing special but delivery was on time.",3,Neutral
"Standard delivery, no issues but no surprises either.",3,Neutral
"Standard delivery, no issues but no surprises either.",3,Neutral
"Delivery was on time, but the map tracking was a bit glitchy.",3,Neutral
"Fairly priced food, but the delivery fee is a bit high.",3,Neutral
Everything was fine but the delivery partner took a while to find the landmark.,3,Neutral
"The food was okay, nothing special but delivery was early.",3,Neutral
Everything was fine but the delivery partner took a while to find the apartment.,3,Neutral
Average experience. The Sandwich was decent but could be better.,3,Neutral
"The Salad was good, however the portion size was a bit small.",3,Neutral
"The restaurant forgot the extra tissues, but the main meal was fine.",3,Neutral
"The food was okay, nothing special but delivery was early.",3,Neutral
"The food was okay, nothing special but delivery was on time.",3,Neutral
"Standard delivery, no issues but no surprises either.",3,Neutral
"The food was okay, nothing special but delivery was right when expected.",3,Neutral
"The food was okay, nothing special but delivery was late.",3,Neutral
"Delivery was on time, but the map tracking was a bit glitchy.",3,Neutral
"Fairly priced food, but the delivery fee is a bit high.",3,Neutral
"Decent variety of restaurants, but many are currently unavailable.",3,Neutral
"Fairly priced food, but the delivery fee is a bit high.",3,Neutral
"Fairly priced food, but the delivery fee is a bit high.",3,Neutral
"Decent variety of restaurants, but many are currently unavailable.",3,Neutral
"It's an okay app, does the job but has some minor bugs.",3,Neutral
"It's an okay app, does the job but has some minor bugs.",3,Neutral
"It's an okay app, does the job but has some minor bugs.",3,Neutral
"Standard delivery, no issues but no surprises either.",3,Neutral
"Fairly priced food, but the delivery fee is a bit high.",3,Neutral
"Fairly priced food, but the delivery fee is a bit high.",3,Neutral
"The restaurant forgot the extra spoons, but the main meal was fine.",3,Neutral
"Decent variety of restaurants, but many are currently unavailable.",3,Neutral
"Decent variety of restaurants, but many are currently unavailable.",3,Neutral
"It's an okay app, does the job but has some minor bugs.",3,Neutral
Average experience. The Cold Coffee was decent but could be better.,3,Neutral
"Fairly priced food, but the delivery fee is a bit high.",3,Neutral
"It's an okay app, does the job but has some minor bugs.",3,Neutral
"It's an okay app, does the job but has some minor bugs.",3,Neutral
"Standard delivery, no issues but no surprises either.",3,Neutral
"The food was okay, nothing special but delivery was early.",3,Neutral
"Delivery was on time, but the map tracking was a bit glitchy.",3,Neutral
"It's an okay app, does the job but has some minor bugs.",3,Neutral
"The food was okay, nothing special but delivery was late.",3,Neutral
"The Salad was good, however the portion size was a bit small.",3,Neutral
Everything was fine but the delivery partner took a while to find the gate.,3,Neutral
"Decent variety of restaurants, but many are currently unavailable.",3,Neutral
"Standard delivery, no issues but no surprises either.",3,Neutral
"Fairly priced food, but the delivery fee is a bit high.",3,Neutral
"Decent variety of restaurants, but many are currently unavailable.",3,Neutral
"It's an okay app, does the job but has some minor bugs.",3,Neutral
"The restaurant forgot the extra tissues, but the main meal was fine.",3,Neutral
"The restaurant forgot the extra oregano, but the main meal was fine.",3,Neutral
"It's an okay app, does the job but has some minor bugs.",3,Neutral
"Delivery was on time, but the map tracking was a bit glitchy.",3,Neutral
"Delivery was on time, but the map tracking was a bit glitchy.",3,Neutral
Average experience. The Biryani was decent but could be better.,3,Neutral
Average experience. The Cold Coffee was decent but could be better.,3,Neutral
"The restaurant forgot the extra spoons, but the main meal was fine.",3,Neutral
"The restaurant forgot the extra ketchup, but the main meal was fine.",3,Neutral
"Decent variety of restaurants, but many are currently unavailable.",3,Neutral
"The Dosa was good, however the portion size was a bit small.",3,Neutral
"The food was okay, nothing special but delivery was right when expected.",3,Neutral
"Delivery was on time, but the map tracking was a bit glitchy.",3,Neutral
"Delivery was on time, but the map tracking was a bit glitchy.",3,Neutral
"The Dosa was good, however the portion size was a bit small.",3,Neutral
Everything was fine but the delivery partner took a while to find the landmark.,3,Neutral
"Standard delivery, no issues but no surprises either.",3,Neutral
"Standard delivery, no issues but no surprises either.",3,Neutral
"Decent variety of restaurants, but many are currently unavailable.",3,Neutral
"It's an okay app, does the job but has some minor bugs.",3,Neutral
Average experience. The Pizza was decent but could be better.,3,Neutral
"Standard delivery, no issues but no surprises either.",3,Neutral
"The Pasta was good, however the portion size was a bit small.",3,Neutral
"Decent variety of restaurants, but many are currently unavailable.",3,Neutral
"Fairly priced food, but the delivery fee is a bit high.",3,Neutral
"Decent variety of restaurants, but many are currently unavailable.",3,Neutral
Everything was fine but the delivery partner took a while to find the apartment.,3,Neutral
"Decent variety of restaurants, but many are currently unavailable.",3,Neutral
"Fairly priced food, but the delivery fee is a bit high.",3,Neutral
"The food was okay, nothing special but delivery was delayed.",3,Neutral
Average experience. The Cold Coffee was decent but could be better.,3,Neutral
Average experience. The Dosa was decent but could be better.,3,Neutral
"The restaurant forgot the extra tissues, but the main meal was fine.",3,Neutral
"It's an okay app, does the job but has some minor bugs.",3,Neutral
"Delivery was on time, but the map tracking was a bit glitchy.",3,Neutral
"The restaurant forgot the extra ketchup, but the main meal was fine.",3,Neutral
"Decent variety of restaurants, but many are currently unavailable.",3,Neutral
"The food was okay, nothing special but delivery was right when expected.",3,Neutral
"Fairly priced food, but the delivery fee is a bit high.",3,Neutral
"It's an okay app, does the job but has some minor bugs.",3,Neutral
"Fairly priced food, but the delivery fee is a bit high.",3,Neutral
"Delivery was on time, but the map tracking was a bit glitchy.",3,Neutral
Everything was fine but the delivery partner took a while to find the gate.,3,Neutral
Average experience. The Pasta was decent but could be better.,3,Neutral
Average experience. The Pizza was decent but could be better.,3,Neutral
"Delivery was on time, but the map tracking was a bit glitchy.",3,Neutral
"The food was okay, nothing special but delivery was right when expected.",3,Neutral
Everything was fine but the delivery partner took a while to find the landmark.,3,Neutral
Average experience. The Dessert was decent but could be better.,3,Neutral
"It's an okay app, does the job but has some minor bugs.",3,Neutral
Average experience. The Dosa was decent but could be better.,3,Neutral
Average experience. The Sandwich was decent but could be better.,3,Neutral
"The restaurant forgot the extra spoons, but the main meal was fine.",3,Neutral
"Delivery was on time, but the map tracking was a bit glitchy.",3,Neutral
"The Sandwich was good, however the portion size was a bit small.",3,Neutral
"The Pasta was good, however the portion size was a bit small.",3,Neutral
Average experience. The Dosa was decent but could be better.,3,Neutral
Average experience. The Dessert was decent but could be better.,3,Neutral
"It's an okay app, does the job but has some minor bugs.",3,Neutral
"It's an okay app, does the job but has some minor bugs.",3,Neutral
"It's an okay app, does the job but has some minor bugs.",3,Neutral
"It's an okay app, does the job but has some minor bugs.",3,Neutral
"The restaurant forgot the extra spoons, but the main meal was fine.",3,Neutral
"Decent variety of restaurants, but many are currently unavailable.",3,Neutral
"The restaurant forgot the extra ketchup, but the main meal was fine.",3,Neutral
Everything was fine but the delivery partner took a while to find the gate.,3,Neutral
"Standard delivery, no issues but no surprises either.",3,Neutral
"The food was okay, nothing special but delivery was on time.",3,Neutral
"Decent variety of restaurants, but many are currently unavailable.",3,Neutral
"It's an okay app, does the job but has some minor bugs.",3,Neutral
"Standard delivery, no issues but no surprises either.",3,Neutral
"Fairly priced food, but the delivery fee is a bit high.",3,Neutral
"The food was okay, nothing special but delivery was on time.",3,Neutral
"Delivery was on time, but the map tracking was a bit glitchy.",3,Neutral
"Fairly priced food, but the delivery fee is a bit high.",3,Neutral
"The restaurant forgot the extra oregano, but the main meal was fine.",3,Neutral
"Fairly priced food, but the delivery fee is a bit high.",3,Neutral
Everything was fine but the delivery partner took a while to find the building.,3,Neutral
"Delivery was on time, but the map tracking was a bit glitchy.",3,Neutral
"The restaurant forgot the extra ketchup, but the main meal was fine.",3,Neutral
"Decent variety of restaurants, but many are currently unavailable.",3,Neutral
"The restaurant forgot the extra ketchup, but the main meal was fine.",3,Neutral
"Delivery was on time, but the map tracking was a bit glitchy.",3,Neutral
"The food was okay, nothing special but delivery was early.",3,Neutral
"Fairly priced food, but the delivery fee is a bit high.",3,Neutral
"Standard delivery, no issues but no surprises either.",3,Neutral
"The Cold Coffee was good, however the portion size was a bit small.",3,Neutral
"Decent variety of restaurants, but many are currently unavailable.",3,Neutral
"The food was okay, nothing special but delivery was early.",3,Neutral
"It's an okay app, does the job but has some minor bugs.",3,Neutral
Average experience. The Cold Coffee was decent but could be better.,3,Neutral
"Fairly priced food, but the delivery fee is a bit high.",3,Neutral
"Fairly priced food, but the delivery fee is a bit high.",3,Neutral
"Delivery was on time, but the map tracking was a bit glitchy.",3,Neutral
"The restaurant forgot the extra tissues, but the main meal was fine.",3,Neutral
"The Dessert was good, however the portion size was a bit small.",3,Neutral
"The restaurant forgot the extra tissues, but the main meal was fine.",3,Neutral
"Delivery was on time, but the map tracking was a bit glitchy.",3,Neutral
"The restaurant forgot the extra ketchup, but the main meal was fine.",3,Neutral
"Fairly priced food, but the delivery fee is a bit high.",3,Neutral
"Delivery was on time, but the map tracking was a bit glitchy.",3,Neutral
"Fairly priced food, but the delivery fee is a bit high.",3,Neutral
"The restaurant forgot the extra spoons, but the main meal was fine.",3,Neutral
Everything was fine but the delivery partner took a while to find the gate.,3,Neutral
"Delivery was on time, but the map tracking was a bit glitchy.",3,Neutral
"It's an okay app, does the job but has some minor bugs.",3,Neutral
"The food was okay, nothing special but delivery was early.",3,Neutral
"Standard delivery, no issues but no surprises either.",3,Neutral
"Decent variety of restaurants, but many are currently unavailable.",3,Neutral
"The restaurant forgot the extra spoons, but the main meal was fine.",3,Neutral
"The Dessert was good, however the portion size was a bit small.",3,Neutral
"Standard delivery, no issues but no surprises either.",3,Neutral
"The Cold Coffee was good, however the portion size was a bit small.",3,Neutral
"The restaurant forgot the extra tissues, but the main meal was fine.",3,Neutral
"Standard delivery, no issues but no surprises either.",3,Neutral
Average experience. The Dosa was decent but could be better.,3,Neutral
"Standard delivery, no issues but no surprises either.",3,Neutral
Everything was fine but the delivery partner took a while to find the gate.,3,Neutral
"Standard delivery, no issues but no surprises either.",3,Neutral
"The food was okay, nothing special but delivery was on time.",3,Neutral
"Decent variety of restaurants, but many are currently unavailable.",3,Neutral
"The restaurant forgot the extra spoons, but the main meal was fine.",3,Neutral
"The Dosa was good, however the portion size was a bit small.",3,Neutral
"It's an okay app, does the job but has some minor bugs.",3,Neutral
"Standard delivery, no issues but no surprises either.",3,Neutral
Average experience. The Cold Coffee was decent but could be better.,3,Neutral
"Standard delivery, no issues but no surprises either.",3,Neutral
Everything was fine but the delivery partner took a while to find the apartment.,3,Neutral
Average experience. The Salad was decent but could be better.,3,Neutral
"The restaurant forgot the extra tissues, but the main meal was fine.",3,Neutral
Average experience. The Salad was decent but could be better.,3,Neutral
Everything was fine but the delivery partner took a while to find the building.,3,Neutral
"Decent variety of restaurants, but many are currently unavailable.",3,Neutral
Average experience. The Biryani was decent but could be better.,3,Neutral
"The food was okay, nothing special but delivery was delayed.",3,Neutral
"Delivery was on time, but the map tracking was a bit glitchy.",3,Neutral
"It's an okay app, does the job but has some minor bugs.",3,Neutral
"The restaurant forgot the extra tissues, but the main meal was fine.",3,Neutral
Average experience. The Sandwich was decent but could be better.,3,Neutral
"The Pasta was good, however the portion size was a bit small.",3,Neutral
"The food was okay, nothing special but delivery was right when expected.",3,Neutral
"It's an okay app, does the job but has some minor bugs.",3,Neutral
"Delivery was on time, but the map tracking was a bit glitchy.",3,Neutral
"Standard delivery, no issues but no surprises either.",3,Neutral
"Standard delivery, no issues but no surprises either.",3,Neutral
"Delivery was on time, but the map tracking was a bit glitchy.",3,Neutral
"Standard delivery, no issues but no surprises either.",3,Neutral
Average experience. The Pasta was decent but could be better.,3,Neutral
"The food was okay, nothing special but delivery was right when expected.",3,Neutral
"The Sandwich was good, however the portion size was a bit small.",3,Neutral
"Decent variety of restaurants, but many are currently unavailable.",3,Neutral
Everything was fine but the delivery partner took a while to find the building.,3,Neutral
"The restaurant forgot the extra ketchup, but the main meal was fine.",3,Neutral
"It's an okay app, does the job but has some minor bugs.",3,Neutral
"The restaurant forgot the extra spoons, but the main meal was fine.",3,Neutral
"The Cold Coffee was good, however the portion size was a bit small.",3,Neutral
"It's an okay app, does the job but has some minor bugs.",3,Neutral
"The food was okay, nothing special but delivery was on time.",3,Neutral
"The food was okay, nothing special but delivery was late.",3,Neutral
"It's an okay app, does the job but has some minor bugs.",3,Neutral
"The Pizza was good, however the portion size was a bit small.",3,Neutral
"Delivery was on time, but the map tracking was a bit glitchy.",3,Neutral
"Fairly priced food, but the delivery fee is a bit high.",3,Neutral
Average experience. The Cold Coffee was decent but could be better.,3,Neutral
"Fairly priced food, but the delivery fee is a bit high.",3,Neutral
"It's an okay app, does the job but has some minor bugs.",3,Neutral
"Fairly priced food, but the delivery fee is a bit high.",3,Neutral
"Standard delivery, no issues but no surprises either.",3,Neutral
"The food was okay, nothing special but delivery was on time.",3,Neutral
"Decent variety of restaurants, but many are currently unavailable.",3,Neutral
Everything was fine but the delivery partner took a while to find the building.,3,Neutral
"It's an okay app, does the job but has some minor bugs.",3,Neutral
"It's an okay app, does the job but has some minor bugs.",3,Neutral
"Delivery was on time, but the map tracking was a bit glitchy.",3,Neutral
"Standard delivery, no issues but no surprises either.",3,Neutral
"The restaurant forgot the extra oregano, but the main meal was fine.",3,Neutral
"It's an okay app, does the job but has some minor bugs.",3,Neutral
"The restaurant forgot the extra tissues, but the main meal was fine.",3,Neutral
Everything was fine but the delivery partner took a while to find the gate.,3,Neutral
"Standard delivery, no issues but no surprises either.",3,Neutral
"The food was okay, nothing special but delivery was on time.",3,Neutral
"Decent variety of restaurants, but many are currently unavailable.",3,Neutral
Average experience. The Sandwich was decent but could be better.,3,Neutral
"The restaurant forgot the extra oregano, but the main meal was fine.",3,Neutral
"Decent variety of restaurants, but many are currently unavailable.",3,Neutral
"Delivery was on time, but the map tracking was a bit glitchy.",3,Neutral
"Standard delivery, no issues but no surprises either.",3,Neutral
"The food was okay, nothing special but delivery was late.",3,Neutral
"Standard delivery, no issues but no surprises either.",3,Neutral
"Fairly priced food, but the delivery fee is a bit high.",3,Neutral
"Standard delivery, no issues but no surprises either.",3,Neutral
"Delivery was on time, but the map tracking was a bit glitchy.",3,Neutral
"Decent variety of restaurants, but many are currently unavailable.",3,Neutral
Everything was fine but the delivery partner took a while to find the gate.,3,Neutral
"The food was okay, nothing special but delivery was delayed.",3,Neutral
"Delivery was on time, but the map tracking was a bit glitchy.",3,Neutral
Average experience. The Salad was decent but could be better.,3,Neutral
"Standard delivery, no issues but no surprises either.",3,Neutral
"The restaurant forgot the extra oregano, but the main meal was fine.",3,Neutral
Average experience. The Cold Coffee was decent but could be better.,3,Neutral
"The food was okay, nothing special but delivery was delayed.",3,Neutral
"The Salad was good, however the portion size was a bit small.",3,Neutral
"The food was okay, nothing special but delivery was early.",3,Neutral
Average experience. The Dosa was decent but could be better.,3,Neutral
"The restaurant forgot the extra tissues, but the main meal was fine.",3,Neutral
"It's an okay app, does the job but has some minor bugs.",3,Neutral
"Decent variety of restaurants, but many are currently unavailable.",3,Neutral
Everything was fine but the delivery partner took a while to find the gate.,3,Neutral
"Fairly priced food, but the delivery fee is a bit high.",3,Neutral
"The food was okay, nothing special but delivery was late.",3,Neutral
"It's an okay app, does the job but has some minor bugs.",3,Neutral
"Standard delivery, no issues but no surprises either.",3,Neutral
"The Pasta was good, however the portion size was a bit small.",3,Neutral
"Fairly priced food, but the delivery fee is a bit high.",3,Neutral
"The Pasta was good, however the portion size was a bit small.",3,Neutral
"It's an okay app, does the job but has some minor bugs.",3,Neutral
"It's an okay app, does the job but has some minor bugs.",3,Neutral
"Fairly priced food, but the delivery fee is a bit high.",3,Neutral
"Fairly priced food, but the delivery fee is a bit high.",3,Neutral
"The food was okay, nothing special but delivery was right when expected.",3,Neutral
"Decent variety of restaurants, but many are currently unavailable.",3,Neutral
"Standard delivery, no issues but no surprises either.",3,Neutral
"The food was okay, nothing special but delivery was delayed.",3,Neutral
"Decent variety of restaurants, but many are currently unavailable.",3,Neutral
"Delivery was on time, but the map tracking was a bit glitchy.",3,Neutral
Average experience. The Sandwich was decent but could be better.,3,Neutral
Everything was fine but the delivery partner took a while to find the gate.,3,Neutral
"The food was okay, nothing special but delivery was late.",3,Neutral
Average experience. The Dessert was decent but could be better.,3,Neutral
"The Salad was good, however the portion size was a bit small.",3,Neutral
"Decent variety of restaurants, but many are currently unavailable.",3,Neutral
"Fairly priced food, but the delivery fee is a bit high.",3,Neutral
"Standard delivery, no issues but no surprises either.",3,Neutral
Average experience. The Dosa was decent but could be better.,3,Neutral
"The Salad was good, however the portion size was a bit small.",3,Neutral
Average experience. The Pasta was decent but could be better.,3,Neutral
Average experience. The Dosa was decent but could be better.,3,Neutral
"Delivery was on time, but the map tracking was a bit glitchy.",3,Neutral
"Standard delivery, no issues but no surprises either.",3,Neutral
"It's an okay app, does the job but has some minor bugs.",3,Neutral
"Decent variety of restaurants, but many are currently unavailable.",3,Neutral
"The restaurant forgot the extra tissues, but the main meal was fine.",3,Neutral
Average experience. The Pizza was decent but could be better.,3,Neutral
Average experience. The Pizza was decent but could be better.,3,Neutral
"It's an okay app, does the job but has some minor bugs.",3,Neutral
"Delivery was on time, but the map tracking was a bit glitchy.",3,Neutral
Everything was fine but the delivery partner took a while to find the building.,3,Neutral
"Delivery was on time, but the map tracking was a bit glitchy.",3,Neutral
"Fairly priced food, but the delivery fee is a bit high.",3,Neutral
Average experience. The Pizza was decent but could be better.,3,Neutral
"The Pizza was good, however the portion size was a bit small.",3,Neutral
"The Pasta was good, however the portion size was a bit small.",3,Neutral
"The food was okay, nothing special but delivery was late.",3,Neutral
"The food was okay, nothing special but delivery was late.",3,Neutral
"The food was okay, nothing special but delivery was delayed.",3,Neutral
"Decent variety of restaurants, but many are currently unavailable.",3,Neutral
"Fairly priced food, but the delivery fee is a bit high.",3,Neutral
"The restaurant forgot the extra ketchup, but the main meal was fine.",3,Neutral
"Delivery was on time, but the map tracking was a bit glitchy.",3,Neutral
"Standard delivery, no issues but no surprises either.",3,Neutral
"Fairly priced food, but the delivery fee is a bit high.",3,Neutral
"Standard delivery, no issues but no surprises either.",3,Neutral
Average experience. The Pasta was decent but could be better.,3,Neutral
Average experience. The Dessert was decent but could be better.,3,Neutral
"The restaurant forgot the extra tissues, but the main meal was fine.",3,Neutral
"The restaurant forgot the extra ketchup, but the main meal was fine.",3,Neutral
"Delivery was on time, but the map tracking was a bit glitchy.",3,Neutral
"Standard delivery, no issues but no surprises either.",3,Neutral
"The restaurant forgot the extra spoons, but the main meal was fine.",3,Neutral
"The restaurant forgot the extra tissues, but the main meal was fine.",3,Neutral
"The restaurant forgot the extra ketchup, but the main meal was fine.",3,Neutral
"It's an okay app, does the job but has some minor bugs.",3,Neutral
Average experience. The Salad was decent but could be better.,3,Neutral
"Fairly priced food, but the delivery fee is a bit high.",3,Neutral
"Standard delivery, no issues but no surprises either.",3,Neutral
"The food was okay, nothing special but delivery was right when expected.",3,Neutral
"The Pasta was good, however the portion size was a bit small.",3,Neutral
Everything was fine but the delivery partner took a while to find the building.,3,Neutral
"The Pizza was good, however the portion size was a bit small.",3,Neutral
Everything was fine but the delivery partner took a while to find the gate.,3,Neutral
"It's an okay app, does the job but has some minor bugs.",3,Neutral
"Fairly priced food, but the delivery fee is a bit high.",3,Neutral
"The Salad was good, however the portion size was a bit small.",3,Neutral
"Fairly priced food, but the delivery fee is a bit high.",3,Neutral
Average experience. The Cold Coffee was decent but could be better.,3,Neutral
"Decent variety of restaurants, but many are currently unavailable.",3,Neutral
"Delivery was on time, but the map tracking was a bit glitchy.",3,Neutral
"The Cold Coffee was good, however the portion size was a bit small.",3,Neutral
"Standard delivery, no issues but no surprises either.",3,Neutral
"The restaurant forgot the extra tissues, but the main meal was fine.",3,Neutral
Everything was fine but the delivery partner took a while to find the apartment.,3,Neutral
"The restaurant forgot the extra tissues, but the main meal was fine.",3,Neutral
"Fairly priced food, but the delivery fee is a bit high.",3,Neutral
Everything was fine but the delivery partner took a while to find the apartment.,3,Neutral
"Fairly priced food, but the delivery fee is a bit high.",3,Neutral
"It's an okay app, does the job but has some minor bugs.",3,Neutral
"It's an okay app, does the job but has some minor bugs.",3,Neutral
"The food was okay, nothing special but delivery was delayed.",3,Neutral
"Fairly priced food, but the delivery fee is a bit high.",3,Neutral
Everything was fine but the delivery partner took a while to find the building.,3,Neutral
"It's an okay app, does the job but has some minor bugs.",3,Neutral
"Standard delivery, no issues but no surprises either.",3,Neutral
"The food was okay, nothing special but delivery was right when expected.",3,Neutral
"It's an okay app, does the job but has some minor bugs.",3,Neutral
Everything was fine but the delivery partner took a while to find the building.,3,Neutral
"The food was okay, nothing special but delivery was delayed.",3,Neutral
"The Biryani was good, however the portion size was a bit small.",3,Neutral
"The food was okay, nothing special but delivery was early.",3,Neutral
Average experience. The Cold Coffee was decent but could be better.,3,Neutral
"The food was okay, nothing special but delivery was late.",3,Neutral
"Standard delivery, no issues but no surprises either.",3,Neutral
Average experience. The Sandwich was decent but could be better.,3,Neutral
"The food was okay, nothing special but delivery was right when expected.",3,Neutral
Everything was fine but the delivery partner took a while to find the building.,3,Neutral
"Standard delivery, no issues but no surprises either.",3,Neutral
"The restaurant forgot the extra tissues, but the main meal was fine.",3,Neutral
"It's an okay app, does the job but has some minor bugs.",3,Neutral
"Standard delivery, no issues but no surprises either.",3,Neutral
"It's an okay app, does the job but has some minor bugs.",3,Neutral
"Fairly priced food, but the delivery fee is a bit high.",3,Neutral
"The Pasta was good, however the portion size was a bit small.",3,Neutral
Everything was fine but the delivery partner took a while to find the landmark.,3,Neutral
"Fairly priced food, but the delivery fee is a bit high.",3,Neutral
Everything was fine but the delivery partner took a while to find the landmark.,3,Neutral
Average experience. The Sandwich was decent but could be better.,3,Neutral
"Delivery was on time, but the map tracking was a bit glitchy.",3,Neutral
"Decent variety of restaurants, but many are currently unavailable.",3,Neutral
Average experience. The Pizza was decent but could be better.,3,Neutral
"Standard delivery, no issues but no surprises either.",3,Neutral
"Fairly priced food, but the delivery fee is a bit high.",3,Neutral
"Delivery was on time, but the map tracking was a bit glitchy.",3,Neutral
"The Pizza was good, however the portion size was a bit small.",3,Neutral
Average experience. The Cold Coffee was decent but could be better.,3,Neutral
Average experience. The Sandwich was decent but could be better.,3,Neutral
Average experience. The Pasta was decent but could be better.,3,Neutral
"Standard delivery, no issues but no surprises either.",3,Neutral
"The food was okay, nothing special but delivery was on time.",3,Neutral
"The food was okay, nothing special but delivery was right when expected.",3,Neutral
"The food was okay, nothing special but delivery was late.",3,Neutral
"Decent variety of restaurants, but many are currently unavailable.",3,Neutral
"Decent variety of restaurants, but many are currently unavailable.",3,Neutral
Everything was fine but the delivery partner took a while to find the landmark.,3,Neutral
Average experience. The Dosa was decent but could be better.,3,Neutral
"The Dessert was good, however the portion size was a bit small.",3,Neutral
Everything was fine but the delivery partner took a while to find the gate.,3,Neutral
Everything was fine but the delivery partner took a while to find the landmark.,3,Neutral
"The Sandwich was good, however the portion size was a bit small.",3,Neutral
"The Dosa was good, however the portion size was a bit small.",3,Neutral
"Decent variety of restaurants, but many are currently unavailable.",3,Neutral
"Delivery was on time, but the map tracking was a bit glitchy.",3,Neutral
"The restaurant forgot the extra spoons, but the main meal was fine.",3,Neutral
Average experience. The Cold Coffee was decent but could be better.,3,Neutral
"Standard delivery, no issues but no surprises either.",3,Neutral
Average experience. The Dessert was decent but could be better.,3,Neutral
Everything was fine but the delivery partner took a while to find the building.,3,Neutral
"It's an okay app, does the job but has some minor bugs.",3,Neutral
"Fairly priced food, but the delivery fee is a bit high.",3,Neutral
"Decent variety of restaurants, but many are currently unavailable.",3,Neutral
Everything was fine but the delivery partner took a while to find the building.,3,Neutral
"The food was okay, nothing special but delivery was early.",3,Neutral
"Standard delivery, no issues but no surprises either.",3,Neutral
"Decent variety of restaurants, but many are currently unavailable.",3,Neutral
"Decent variety of restaurants, but many are currently unavailable.",3,Neutral
"It's an okay app, does the job but has some minor bugs.",3,Neutral
"The food was okay, nothing special but delivery was right when expected.",3,Neutral
"Delivery was on time, but the map tracking was a bit glitchy.",3,Neutral
"Delivery was on time, but the map tracking was a bit glitchy.",3,Neutral
"It's an okay app, does the job but has some minor bugs.",3,Neutral
"Decent variety of restaurants, but many are currently unavailable.",3,Neutral
"Standard delivery, no issues but no surprises either.",3,Neutral
"Decent variety of restaurants, but many are currently unavailable.",3,Neutral
Everything was fine but the delivery partner took a while to find the landmark.,3,Neutral
Average experience. The Salad was decent but could be better.,3,Neutral
"The restaurant forgot the extra spoons, but the main meal was fine.",3,Neutral
"Standard delivery, no issues but no surprises either.",3,Neutral
"The Biryani was good, however the portion size was a bit small.",3,Neutral
"Standard delivery, no issues but no surprises either.",3,Neutral
Average experience. The Biryani was decent but could be better.,3,Neutral
"Fairly priced food, but the delivery fee is a bit high.",3,Neutral
Average experience. The Dessert was decent but could be better.,3,Neutral
"It's an okay app, does the job but has some minor bugs.",3,Neutral
"The food was okay, nothing special but delivery was right when expected.",3,Neutral
"The restaurant forgot the extra tissues, but the main meal was fine.",3,Neutral
Everything was fine but the delivery partner took a while to find the landmark.,3,Neutral
"Fairly priced food, but the delivery fee is a bit high.",3,Neutral
"I love the new UI, it's so easy to find my favorite Italian restaurants.",4,Positive
Great experience! The packaging was perfect and no spills.,4,Positive
The food from Burger King was absolutely delicious and arrived right when expected.,4,Positive
"The discount coupon worked perfectly, saved quite a bit!",5,Positive
Seamless payment experience and the live tracking is very accurate.,4,Positive
Seamless payment experience and the live tracking is very accurate.,4,Positive
"Highly recommend ordering from here, the Cold Coffee is a must-try.",4,Positive
"Highly recommend ordering from here, the Sandwich is a must-try.",4,Positive
The food from Pizza Corner was absolutely delicious and arrived late.,5,Positive
Great experience! The packaging was perfect and no spills.,5,Positive
Seamless payment experience and the live tracking is very accurate.,4,Positive
"The discount coupon worked perfectly, saved quite a bit!",4,Positive
Excellent service. The delivery partner was very professional.,4,Positive
Delivery was early and the food quality was top-notch.,4,Positive
Delivery was right when expected and the food quality was top-notch.,4,Positive
Super fast delivery! The Cold Coffee was still piping hot.,4,Positive
Excellent service. The delivery partner was very helpful.,5,Positive
Delivery was late and the food quality was top-notch.,5,Positive
"The discount coupon worked perfectly, saved quite a bit!",4,Positive
Delivery was late and the food quality was top-notch.,5,Positive
Great experience! The packaging was perfect and no spills.,5,Positive
Great experience! The packaging was perfect and no spills.,4,Positive
Excellent service. The delivery partner was very helpful.,4,Positive
"Highly recommend ordering from here, the Biryani is a must-try.",4,Positive
Best Dessert I've had in a while. Swiggy never disappoints.,5,Positive
Delivery was right when expected and the food quality was top-notch.,5,Positive
"I love the new UI, it's so easy to find my favorite Chinese restaurants.",5,Positive
"I love the new UI, it's so easy to find my favorite Continental restaurants.",5,Positive
Delivery was early and the food quality was top-notch.,5,Positive
"The discount coupon worked perfectly, saved quite a bit!",4,Positive
Delivery was early and the food quality was top-notch.,4,Positive
Excellent service. The delivery partner was very polite.,5,Positive
Great experience! The packaging was perfect and no spills.,4,Positive
Delivery was on time and the food quality was top-notch.,4,Positive
"Highly recommend ordering from here, the Cold Coffee is a must-try.",5,Positive
Delivery was on time and the food quality was top-notch.,5,Positive
Best Biryani I've had in a while. Swiggy never disappoints.,5,Positive
The food from Taco Town was absolutely delicious and arrived delayed.,5,Positive
The food from Biryani House was absolutely delicious and arrived early.,4,Positive
Super fast delivery! The Sandwich was still piping hot.,5,Positive
Seamless payment experience and the live tracking is very accurate.,4,Positive
Excellent service. The delivery partner was very efficient.,5,Positive
Excellent service. The delivery partner was very professional.,4,Positive
The food from Taco Town was absolutely delicious and arrived early.,4,Positive
Seamless payment experience and the live tracking is very accurate.,5,Positive
"Highly recommend ordering from here, the Dessert is a must-try.",5,Positive
"I love the new UI, it's so easy to find my favorite Italian restaurants.",5,Positive
Excellent service. The delivery partner was very helpful.,5,Positive
Best Sandwich I've had in a while. Swiggy never disappoints.,4,Positive
Best Dosa I've had in a while. Swiggy never disappoints.,5,Positive
Delivery was delayed and the food quality was top-notch.,5,Positive
Super fast delivery! The Pasta was still piping hot.,5,Positive
Seamless payment experience and the live tracking is very accurate.,4,Positive
Seamless payment experience and the live tracking is very accurate.,5,Positive
Delivery was on time and the food quality was top-notch.,4,Positive
Super fast delivery! The Pasta was still piping hot.,5,Positive
Excellent service. The delivery partner was very friendly.,4,Positive
The food from Burger King was absolutely delicious and arrived delayed.,5,Positive
Excellent service. The delivery partner was very friendly.,5,Positive
Delivery was late and the food quality was top-notch.,5,Positive
"Highly recommend ordering from here, the Salad is a must-try.",5,Positive
"Highly recommend ordering from here, the Sandwich is a must-try.",4,Positive
The food from Taco Town was absolutely delicious and arrived right when expected.,5,Positive
Excellent service. The delivery partner was very polite.,4,Positive
Excellent service. The delivery partner was very polite.,5,Positive
Excellent service. The delivery partner was very efficient.,4,Positive
Excellent service. The delivery partner was very friendly.,5,Positive
Seamless payment experience and the live tracking is very accurate.,4,Positive
Delivery was early and the food quality was top-notch.,4,Positive
Great experience! The packaging was perfect and no spills.,4,Positive
Seamless payment experience and the live tracking is very accurate.,5,Positive
Delivery was early and the food quality was top-notch.,4,Positive
Excellent service. The delivery partner was very professional.,4,Positive
The food from Taco Town was absolutely delicious and arrived late.,4,Positive
Best Sandwich I've had in a while. Swiggy never disappoints.,5,Positive
"Highly recommend ordering from here, the Sandwich is a must-try.",5,Positive
Delivery was on time and the food quality was top-notch.,4,Positive
Best Dosa I've had in a while. Swiggy never disappoints.,4,Positive
Excellent service. The delivery partner was very friendly.,5,Positive
Seamless payment experience and the live tracking is very accurate.,5,Positive
The food from South Indian Express was absolutely delicious and arrived delayed.,4,Positive
Super fast delivery! The Dosa was still piping hot.,5,Positive
Excellent service. The delivery partner was very polite.,5,Positive
Excellent service. The delivery partner was very helpful.,4,Positive
Delivery was delayed and the food quality was top-notch.,4,Positive
"Highly recommend ordering from here, the Cold Coffee is a must-try.",5,Positive
"I love the new UI, it's so easy to find my favorite Chinese restaurants.",5,Positive
"The discount coupon worked perfectly, saved quite a bit!",5,Positive
Great experience! The packaging was perfect and no spills.,4,Positive
Excellent service. The delivery partner was very efficient.,5,Positive
The food from South Indian Express was absolutely delicious and arrived on time.,4,Positive
Super fast delivery! The Cold Coffee was still piping hot.,4,Positive
Excellent service. The delivery partner was very helpful.,5,Positive
Best Pizza I've had in a while. Swiggy never disappoints.,4,Positive
Great experience! The packaging was perfect and no spills.,4,Positive
Great experience! The packaging was perfect and no spills.,5,Positive
"Highly recommend ordering from here, the Sandwich is a must-try.",5,Positive
Seamless payment experience and the live tracking is very accurate.,4,Positive
"Highly recommend ordering from here, the Pasta is a must-try.",4,Positive
Best Dessert I've had in a while. Swiggy never disappoints.,5,Positive
"Highly recommend ordering from here, the Biryani is a must-try.",4,Positive
The food from Taco Town was absolutely delicious and arrived early.,4,Positive
"The discount coupon worked perfectly, saved quite a bit!",4,Positive
"The discount coupon worked perfectly, saved quite a bit!",5,Positive
Excellent service. The delivery partner was very friendly.,5,Positive
Great experience! The packaging was perfect and no spills.,4,Positive
"Highly recommend ordering from here, the Dessert is a must-try.",5,Positive
Excellent service. The delivery partner was very professional.,4,Positive
The food from Taco Town was absolutely delicious and arrived right when expected.,4,Positive
"The discount coupon worked perfectly, saved quite a bit!",4,Positive
Super fast delivery! The Dessert was still piping hot.,4,Positive
"Highly recommend ordering from here, the Cold Coffee is a must-try.",5,Positive
"Highly recommend ordering from here, the Salad is a must-try.",5,Positive
"Highly recommend ordering from here, the Dosa is a must-try.",5,Positive
The food from South Indian Express was absolutely delicious and arrived on time.,4,Positive
"The discount coupon worked perfectly, saved quite a bit!",5,Positive
Delivery was early and the food quality was top-notch.,5,Positive
Excellent service. The delivery partner was very professional.,4,Positive
"Highly recommend ordering from here, the Pasta is a must-try.",5,Positive
"The discount coupon worked perfectly, saved quite a bit!",4,Positive
Excellent service. The delivery partner was very helpful.,5,Positive
"I love the new UI, it's so easy to find my favorite Italian restaurants.",4,Positive
Best Pasta I've had in a while. Swiggy never disappoints.,5,Positive
Super fast delivery! The Dosa was still piping hot.,4,Positive
Delivery was delayed and the food quality was top-notch.,5,Positive
Super fast delivery! The Salad was still piping hot.,5,Positive
Best Pasta I've had in a while. Swiggy never disappoints.,5,Positive
Super fast delivery! The Pizza was still piping hot.,5,Positive
"I love the new UI, it's so easy to find my favorite Italian restaurants.",5,Positive
"I love the new UI, it's so easy to find my favorite Continental restaurants.",4,Positive
Excellent service. The delivery partner was very friendly.,4,Positive
Best Biryani I've had in a while. Swiggy never disappoints.,4,Positive
"Highly recommend ordering from here, the Salad is a must-try.",4,Positive
Delivery was late and the food quality was top-notch.,4,Positive
Great experience! The packaging was perfect and no spills.,5,Positive
The food from Biryani House was absolutely delicious and arrived on time.,5,Positive
"The discount coupon worked perfectly, saved quite a bit!",5,Positive
"I love the new UI, it's so easy to find my favorite Chinese restaurants.",5,Positive
"I love the new UI, it's so easy to find my favorite Chinese restaurants.",4,Positive
The food from South Indian Express was absolutely delicious and arrived delayed.,5,Positive
Great experience! The packaging was perfect and no spills.,4,Positive
Super fast delivery! The Dosa was still piping hot.,4,Positive
Great experience! The packaging was perfect and no spills.,4,Positive
Best Biryani I've had in a while. Swiggy never disappoints.,5,Positive
Seamless payment experience and the live tracking is very accurate.,4,Positive
Excellent service. The delivery partner was very professional.,5,Positive
"I love the new UI, it's so easy to find my favorite Dessert restaurants.",5,Positive
Seamless payment experience and the live tracking is very accurate.,4,Positive
"I love the new UI, it's so easy to find my favorite North Indian restaurants.",5,Positive
Best Pizza I've had in a while. Swiggy never disappoints.,4,Positive
"Highly recommend ordering from here, the Dosa is a must-try.",4,Positive
Delivery was late and the food quality was top-notch.,4,Positive
"I love the new UI, it's so easy to find my favorite Chinese restaurants.",5,Positive
Best Dosa I've had in a while. Swiggy never disappoints.,4,Positive
"Highly recommend ordering from here, the Pizza is a must-try.",4,Positive
"I love the new UI, it's so easy to find my favorite Chinese restaurants.",5,Positive
Seamless payment experience and the live tracking is very accurate.,4,Positive
"The discount coupon worked perfectly, saved quite a bit!",4,Positive
Excellent service. The delivery partner was very polite.,5,Positive
"Highly recommend ordering from here, the Pizza is a must-try.",5,Positive
Super fast delivery! The Biryani was still piping hot.,4,Positive
The food from Taco Town was absolutely delicious and arrived on time.,5,Positive
Delivery was delayed and the food quality was top-notch.,5,Positive
"I love the new UI, it's so easy to find my favorite Continental restaurants.",5,Positive
"The discount coupon worked perfectly, saved quite a bit!",4,Positive
"Highly recommend ordering from here, the Biryani is a must-try.",5,Positive
"Highly recommend ordering from here, the Sandwich is a must-try.",5,Positive
"I love the new UI, it's so easy to find my favorite Dessert restaurants.",4,Positive
"Highly recommend ordering from here, the Biryani is a must-try.",5,Positive
"Highly recommend ordering from here, the Cold Coffee is a must-try.",4,Positive
Super fast delivery! The Dessert was still piping hot.,4,Positive
Super fast delivery! The Biryani was still piping hot.,5,Positive
Great experience! The packaging was perfect and no spills.,4,Positive
The food from Burger King was absolutely delicious and arrived on time.,4,Positive
"The discount coupon worked perfectly, saved quite a bit!",4,Positive
Delivery was delayed and the food quality was top-notch.,4,Positive
"The discount coupon worked perfectly, saved quite a bit!",4,Positive
Excellent service. The delivery partner was very friendly.,4,Positive
Excellent service. The delivery partner was very friendly.,5,Positive
Super fast delivery! The Dosa was still piping hot.,4,Positive
Great experience! The packaging was perfect and no spills.,5,Positive
Super fast delivery! The Pasta was still piping hot.,5,Positive
Delivery was early and the food quality was top-notch.,4,Positive
Best Sandwich I've had in a while. Swiggy never disappoints.,5,Positive
"Highly recommend ordering from here, the Pasta is a must-try.",5,Positive
Delivery was early and the food quality was top-notch.,4,Positive
Delivery was right when expected and the food quality was top-notch.,4,Positive
Delivery was delayed and the food quality was top-notch.,4,Positive
Seamless payment experience and the live tracking is very accurate.,5,Positive
"Highly recommend ordering from here, the Sandwich is a must-try.",4,Positive
"Highly recommend ordering from here, the Dessert is a must-try.",5,Positive
Excellent service. The delivery partner was very professional.,5,Positive
Great experience! The packaging was perfect and no spills.,4,Positive
"Highly recommend ordering from here, the Dosa is a must-try.",5,Positive
Super fast delivery! The Sandwich was still piping hot.,5,Positive
Delivery was late and the food quality was top-notch.,4,Positive
Delivery was on time and the food quality was top-notch.,5,Positive
"Highly recommend ordering from here, the Biryani is a must-try.",4,Positive
Delivery was on time and the food quality was top-notch.,4,Positive
Super fast delivery! The Dessert was still piping hot.,4,Positive
Great experience! The packaging was perfect and no spills.,5,Positive
"Highly recommend ordering from here, the Sandwich is a must-try.",5,Positive
Delivery was on time and the food quality was top-notch.,5,Positive
"I love the new UI, it's so easy to find my favorite Chinese restaurants.",4,Positive
Delivery was right when expected and the food quality was top-notch.,4,Positive
Great experience! The packaging was perfect and no spills.,4,Positive
"I love the new UI, it's so easy to find my favorite North Indian restaurants.",4,Positive
The food from South Indian Express was absolutely delicious and arrived on time.,4,Positive
"Highly recommend ordering from here, the Dosa is a must-try.",5,Positive
Super fast delivery! The Cold Coffee was still piping hot.,5,Positive
Delivery was delayed and the food quality was top-notch.,4,Positive
"The discount coupon worked perfectly, saved quite a bit!",4,Positive
"The discount coupon worked perfectly, saved quite a bit!",4,Positive
Excellent service. The delivery partner was very efficient.,5,Positive
Seamless payment experience and the live tracking is very accurate.,4,Positive
Excellent service. The delivery partner was very polite.,4,Positive
Delivery was on time and the food quality was top-notch.,4,Positive
"I love the new UI, it's so easy to find my favorite North Indian restaurants.",4,Positive
"The discount coupon worked perfectly, saved quite a bit!",4,Positive
"The discount coupon worked perfectly, saved quite a bit!",4,Positive
The food from Pizza Corner was absolutely delicious and arrived late.,5,Positive
Excellent service. The delivery partner was very efficient.,5,Positive
"I love the new UI, it's so easy to find my favorite Continental restaurants.",5,Positive
Seamless payment experience and the live tracking is very accurate.,4,Positive
Delivery was right when expected and the food quality was top-notch.,4,Positive
The food from Burger King was absolutely delicious and arrived on time.,5,Positive
Delivery was late and the food quality was top-notch.,5,Positive
"Highly recommend ordering from here, the Dosa is a must-try.",4,Positive
Super fast delivery! The Pasta was still piping hot.,5,Positive
Super fast delivery! The Biryani was still piping hot.,4,Positive
Delivery was early and the food quality was top-notch.,4,Positive
Great experience! The packaging was perfect and no spills.,4,Positive
Seamless payment experience and the live tracking is very accurate.,5,Positive
The food from Healthy Bowls was absolutely delicious and arrived right when expected.,5,Positive
Excellent service. The delivery partner was very helpful.,5,Positive
"I love the new UI, it's so easy to find my favorite Chinese restaurants.",5,Positive
Seamless payment experience and the live tracking is very accurate.,5,Positive
"Highly recommend ordering from here, the Salad is a must-try.",4,Positive
"The discount coupon worked perfectly, saved quite a bit!",4,Positive
"The discount coupon worked perfectly, saved quite a bit!",5,Positive
"The discount coupon worked perfectly, saved quite a bit!",5,Positive
Great experience! The packaging was perfect and no spills.,4,Positive
Best Pizza I've had in a while. Swiggy never disappoints.,5,Positive
Best Salad I've had in a while. Swiggy never disappoints.,4,Positive
Super fast delivery! The Salad was still piping hot.,4,Positive
"Highly recommend ordering from here, the Dessert is a must-try.",5,Positive
"The discount coupon worked perfectly, saved quite a bit!",5,Positive
Best Pasta I've had in a while. Swiggy never disappoints.,5,Positive
"The discount coupon worked perfectly, saved quite a bit!",5,Positive
Excellent service. The delivery partner was very professional.,5,Positive
"The discount coupon worked perfectly, saved quite a bit!",4,Positive
"Highly recommend ordering from here, the Pizza is a must-try.",5,Positive
Seamless payment experience and the live tracking is very accurate.,5,Positive
"The discount coupon worked perfectly, saved quite a bit!",5,Positive
Excellent service. The delivery partner was very professional.,4,Positive
Super fast delivery! The Biryani was still piping hot.,4,Positive
The food from Healthy Bowls was absolutely delicious and arrived early.,5,Positive
Super fast delivery! The Pizza was still piping hot.,5,Positive
"The discount coupon worked perfectly, saved quite a bit!",4,Positive
"Highly recommend ordering from here, the Salad is a must-try.",4,Positive
Best Biryani I've had in a while. Swiggy never disappoints.,4,Positive
Best Salad I've had in a while. Swiggy never disappoints.,4,Positive
Best Dosa I've had in a while. Swiggy never disappoints.,4,Positive
Seamless payment experience and the live tracking is very accurate.,5,Positive
Delivery was on time and the food quality was top-notch.,4,Positive
"The discount coupon worked perfectly, saved quite a bit!",5,Positive
Seamless payment experience and the live tracking is very accurate.,5,Positive
Best Salad I've had in a while. Swiggy never disappoints.,4,Positive
Excellent service. The delivery partner was very helpful.,5,Positive
The food from Burger King was absolutely delicious and arrived on time.,5,Positive
Excellent service. The delivery partner was very helpful.,4,Positive
"I love the new UI, it's so easy to find my favorite Chinese restaurants.",5,Positive
Best Cold Coffee I've had in a while. Swiggy never disappoints.,4,Positive
Delivery was delayed and the food quality was top-notch.,5,Positive
Best Dosa I've had in a while. Swiggy never disappoints.,5,Positive
"Highly recommend ordering from here, the Sandwich is a must-try.",4,Positive
Delivery was early and the food quality was top-notch.,4,Positive
Super fast delivery! The Sandwich was still piping hot.,4,Positive
The food from Taco Town was absolutely delicious and arrived late.,5,Positive
Super fast delivery! The Salad was still piping hot.,4,Positive
Excellent service. The delivery partner was very polite.,5,Positive
Seamless payment experience and the live tracking is very accurate.,4,Positive
Best Pasta I've had in a while. Swiggy never disappoints.,4,Positive
"Highly recommend ordering from here, the Biryani is a must-try.",5,Positive
The food from Taco Town was absolutely delicious and arrived late.,5,Positive
Super fast delivery! The Salad was still piping hot.,4,Positive
Excellent service. The delivery partner was very polite.,4,Positive
"I love the new UI, it's so easy to find my favorite North Indian restaurants.",5,Positive
Delivery was on time and the food quality was top-notch.,4,Positive
Super fast delivery! The Pasta was still piping hot.,5,Positive
Great experience! The packaging was perfect and no spills.,4,Positive
Excellent service. The delivery partner was very polite.,4,Positive
Seamless payment experience and the live tracking is very accurate.,4,Positive
"The discount coupon worked perfectly, saved quite a bit!",5,Positive
"The discount coupon worked perfectly, saved quite a bit!",4,Positive
"I love the new UI, it's so easy to find my favorite Continental restaurants.",4,Positive
"Highly recommend ordering from here, the Pasta is a must-try.",4,Positive
"I love the new UI, it's so easy to find my favorite Italian restaurants.",5,Positive
Seamless payment experience and the live tracking is very accurate.,5,Positive
Delivery was right when expected and the food quality was top-notch.,4,Positive
Best Biryani I've had in a while. Swiggy never disappoints.,5,Positive
Great experience! The packaging was perfect and no spills.,5,Positive
Great experience! The packaging was perfect and no spills.,5,Positive
Great experience! The packaging was perfect and no spills.,5,Positive
"Highly recommend ordering from here, the Pizza is a must-try.",5,Positive
Best Dosa I've had in a while. Swiggy never disappoints.,4,Positive
"The discount coupon worked perfectly, saved quite a bit!",4,Positive
"I love the new UI, it's so easy to find my favorite Italian restaurants.",5,Positive
"I love the new UI, it's so easy to find my favorite Dessert restaurants.",4,Positive
Seamless payment experience and the live tracking is very accurate.,5,Positive
Seamless payment experience and the live tracking is very accurate.,5,Positive
The food from Healthy Bowls was absolutely delicious and arrived delayed.,5,Positive
The food from Burger King was absolutely delicious and arrived delayed.,5,Positive
Seamless payment experience and the live tracking is very accurate.,4,Positive
Excellent service. The delivery partner was very polite.,4,Positive
Excellent service. The delivery partner was very efficient.,4,Positive
Great experience! The packaging was perfect and no spills.,4,Positive
"I love the new UI, it's so easy to find my favorite Chinese restaurants.",5,Positive
"Highly recommend ordering from here, the Dosa is a must-try.",5,Positive
"Highly recommend ordering from here, the Cold Coffee is a must-try.",5,Positive
Super fast delivery! The Pizza was still piping hot.,5,Positive
Excellent service. The delivery partner was very polite.,4,Positive
"I love the new UI, it's so easy to find my favorite Chinese restaurants.",4,Positive
The food from Burger King was absolutely delicious and arrived late.,5,Positive
"Highly recommend ordering from here, the Salad is a must-try.",5,Positive
Best Biryani I've had in a while. Swiggy never disappoints.,5,Positive
Best Cold Coffee I've had in a while. Swiggy never disappoints.,5,Positive
Great experience! The packaging was perfect and no spills.,4,Positive
Great experience! The packaging was perfect and no spills.,4,Positive
Super fast delivery! The Dessert was still piping hot.,5,Positive
Super fast delivery! The Sandwich was still piping hot.,4,Positive
Great experience! The packaging was perfect and no spills.,5,Positive
Delivery was on time and the food quality was top-notch.,5,Positive
"The discount coupon worked perfectly, saved quite a bit!",4,Positive
"I love the new UI, it's so easy to find my favorite Italian restaurants.",5,Positive
"The discount coupon worked perfectly, saved quite a bit!",4,Positive
The food from South Indian Express was absolutely delicious and arrived on time.,5,Positive
"The discount coupon worked perfectly, saved quite a bit!",5,Positive
Super fast delivery! The Pizza was still piping hot.,5,Positive
"The discount coupon worked perfectly, saved quite a bit!",5,Positive
Super fast delivery! The Cold Coffee was still piping hot.,4,Positive
"The discount coupon worked perfectly, saved quite a bit!",5,Positive
Delivery was right when expected and the food quality was top-notch.,4,Positive
Best Dessert I've had in a while. Swiggy never disappoints.,4,Positive
Seamless payment experience and the live tracking is very accurate.,5,Positive
Super fast delivery! The Dessert was still piping hot.,4,Positive
Delivery was late and the food quality was top-notch.,5,Positive
Great experience! The packaging was perfect and no spills.,4,Positive
"I love the new UI, it's so easy to find my favorite Continental restaurants.",5,Positive
"Highly recommend ordering from here, the Sandwich is a must-try.",4,Positive
Super fast delivery! The Pizza was still piping hot.,5,Positive
The food from Healthy Bowls was absolutely delicious and arrived late.,5,Positive
Super fast delivery! The Dosa was still piping hot.,5,Positive
Best Cold Coffee I've had in a while. Swiggy never disappoints.,4,Positive
Best Dosa I've had in a while. Swiggy never disappoints.,5,Positive
Excellent service. The delivery partner was very efficient.,5,Positive
Best Salad I've had in a while. Swiggy never disappoints.,4,Positive
Great experience! The packaging was perfect and no spills.,5,Positive
Best Salad I've had in a while. Swiggy never disappoints.,5,Positive
Best Biryani I've had in a while. Swiggy never disappoints.,4,Positive
Seamless payment experience and the live tracking is very accurate.,5,Positive
"The discount coupon worked perfectly, saved quite a bit!",5,Positive
"Highly recommend ordering from here, the Pizza is a must-try.",4,Positive
Delivery was on time and the food quality was top-notch.,5,Positive
Great experience! The packaging was perfect and no spills.,5,Positive
Great experience! The packaging was perfect and no spills.,5,Positive
Excellent service. The delivery partner was very efficient.,5,Positive
Seamless payment experience and the live tracking is very accurate.,5,Positive
The food from Pizza Corner was absolutely delicious and arrived delayed.,4,Positive
The food from Taco Town was absolutely delicious and arrived right when expected.,4,Positive
The food from Pizza Corner was absolutely delicious and arrived on time.,4,Positive
Excellent service. The delivery partner was very friendly.,5,Positive
Super fast delivery! The Sandwich was still piping hot.,4,Positive
"The discount coupon worked perfectly, saved quite a bit!",5,Positive
"Highly recommend ordering from here, the Sandwich is a must-try.",5,Positive
The food from Biryani House was absolutely delicious and arrived delayed.,5,Positive
"Highly recommend ordering from here, the Pizza is a must-try.",5,Positive
"Highly recommend ordering from here, the Cold Coffee is a must-try.",5,Positive
"Highly recommend ordering from here, the Cold Coffee is a must-try.",5,Positive
Great experience! The packaging was perfect and no spills.,5,Positive
The food from Healthy Bowls was absolutely delicious and arrived delayed.,5,Positive
Excellent service. The delivery partner was very friendly.,5,Positive
The food from Pizza Corner was absolutely delicious and arrived late.,4,Positive
Excellent service. The delivery partner was very helpful.,4,Positive
Excellent service. The delivery partner was very polite.,5,Positive
Great experience! The packaging was perfect and no spills.,5,Positive
Best Sandwich I've had in a while. Swiggy never disappoints.,5,Positive
Delivery was early and the food quality was top-notch.,5,Positive
Excellent service. The delivery partner was very polite.,5,Positive
Excellent service. The delivery partner was very professional.,4,Positive
Excellent service. The delivery partner was very efficient.,5,Positive
Best Sandwich I've had in a while. Swiggy never disappoints.,4,Positive
Delivery was late and the food quality was top-notch.,5,Positive
Delivery was early and the food quality was top-notch.,4,Positive
Super fast delivery! The Pizza was still piping hot.,4,Positive
Excellent service. The delivery partner was very professional.,4,Positive
Super fast delivery! The Dosa was still piping hot.,4,Positive
The food from Healthy Bowls was absolutely delicious and arrived right when expected.,5,Positive
Delivery was delayed and the food quality was top-notch.,4,Positive
Delivery was right when expected and the food quality was top-notch.,5,Positive
The food from Pizza Corner was absolutely delicious and arrived on time.,4,Positive
"I love the new UI, it's so easy to find my favorite Italian restaurants.",5,Positive
Super fast delivery! The Cold Coffee was still piping hot.,5,Positive
Best Pizza I've had in a while. Swiggy never disappoints.,4,Positive
"The discount coupon worked perfectly, saved quite a bit!",5,Positive
Best Dessert I've had in a while. Swiggy never disappoints.,5,Positive
"Highly recommend ordering from here, the Dosa is a must-try.",4,Positive
"Highly recommend ordering from here, the Biryani is a must-try.",4,Positive
"Highly recommend ordering from here, the Dosa is a must-try.",4,Positive
The food from Healthy Bowls was absolutely delicious and arrived early.,5,Positive
Best Dosa I've had in a while. Swiggy never disappoints.,5,Positive
Best Dessert I've had in a while. Swiggy never disappoints.,5,Positive
Best Biryani I've had in a while. Swiggy never disappoints.,4,Positive
Best Salad I've had in a while. Swiggy never disappoints.,5,Positive
Delivery was right when expected and the food quality was top-notch.,4,Positive
Best Salad I've had in a while. Swiggy never disappoints.,5,Positive
Seamless payment experience and the live tracking is very accurate.,5,Positive
The food from Healthy Bowls was absolutely delicious and arrived on time.,4,Positive
Seamless payment experience and the live tracking is very accurate.,5,Positive
Best Sandwich I've had in a while. Swiggy never disappoints.,5,Positive
"I love the new UI, it's so easy to find my favorite North Indian restaurants.",4,Positive
Great experience! The packaging was perfect and no spills.,5,Positive
Best Cold Coffee I've had in a while. Swiggy never disappoints.,4,Positive
"The discount coupon worked perfectly, saved quite a bit!",4,Positive
Best Dosa I've had in a while. Swiggy never disappoints.,5,Positive
Excellent service. The delivery partner was very efficient.,5,Positive
Best Pasta I've had in a while. Swiggy never disappoints.,4,Positive
"I love the new UI, it's so easy to find my favorite North Indian restaurants.",5,Positive
Best Sandwich I've had in a while. Swiggy never disappoints.,4,Positive
"I love the new UI, it's so easy to find my favorite North Indian restaurants.",4,Positive
Super fast delivery! The Sandwich was still piping hot.,5,Positive
Great experience! The packaging was perfect and no spills.,5,Positive
Excellent service. The delivery partner was very professional.,5,Positive
Great experience! The packaging was perfect and no spills.,5,Positive
Super fast delivery! The Biryani was still piping hot.,5,Positive
Seamless payment experience and the live tracking is very accurate.,5,Positive
Excellent service. The delivery partner was very efficient.,5,Positive
The food from Pizza Corner was absolutely delicious and arrived delayed.,4,Positive
"Highly recommend ordering from here, the Salad is a must-try.",4,Positive
"The discount coupon worked perfectly, saved quite a bit!",4,Positive
"The discount coupon worked perfectly, saved quite a bit!",4,Positive
Super fast delivery! The Biryani was still piping hot.,5,Positive
Delivery was right when expected and the food quality was top-notch.,5,Positive
Delivery was early and the food quality was top-notch.,5,Positive
Seamless payment experience and the live tracking is very accurate.,4,Positive
"Highly recommend ordering from here, the Pasta is a must-try.",4,Positive
"The discount coupon worked perfectly, saved quite a bit!",5,Positive
"I love the new UI, it's so easy to find my favorite Chinese restaurants.",5,Positive
The food from Burger King was absolutely delicious and arrived on time.,4,Positive
Delivery was late and the food quality was top-notch.,4,Positive
"I love the new UI, it's so easy to find my favorite Chinese restaurants.",4,Positive
Delivery was delayed and the food quality was top-notch.,4,Positive
Great experience! The packaging was perfect and no spills.,5,Positive
"The discount coupon worked perfectly, saved quite a bit!",5,Positive
Great experience! The packaging was perfect and no spills.,4,Positive
The food from South Indian Express was absolutely delicious and arrived delayed.,5,Positive
The food from Taco Town was absolutely delicious and arrived on time.,4,Positive
"The discount coupon worked perfectly, saved quite a bit!",5,Positive
Seamless payment experience and the live tracking is very accurate.,4,Positive
"Highly recommend ordering from here, the Cold Coffee is a must-try.",5,Positive
Great experience! The packaging was perfect and no spills.,4,Positive
The food from Taco Town was absolutely delicious and arrived late.,5,Positive
Best Pasta I've had in a while. Swiggy never disappoints.,5,Positive
"I love the new UI, it's so easy to find my favorite Dessert restaurants.",4,Positive
Excellent service. The delivery partner was very polite.,4,Positive
Super fast delivery! The Sandwich was still piping hot.,4,Positive
"The discount coupon worked perfectly, saved quite a bit!",5,Positive
The food from Pizza Corner was absolutely delicious and arrived early.,4,Positive
Great experience! The packaging was perfect and no spills.,4,Positive
"Highly recommend ordering from here, the Pizza is a must-try.",5,Positive
Excellent service. The delivery partner was very efficient.,5,Positive
Best Cold Coffee I've had in a while. Swiggy never disappoints.,5,Positive
Seamless payment experience and the live tracking is very accurate.,4,Positive
Great experience! The packaging was perfect and no spills.,5,Positive
"I love the new UI, it's so easy to find my favorite Dessert restaurants.",4,Positive
Excellent service. The delivery partner was very efficient.,4,Positive
"The discount coupon worked perfectly, saved quite a bit!",5,Positive
The food from Healthy Bowls was absolutely delicious and arrived delayed.,5,Positive
Best Pasta I've had in a while. Swiggy never disappoints.,5,Positive
Great experience! The packaging was perfect and no spills.,5,Positive
"Highly recommend ordering from here, the Pizza is a must-try.",4,Positive
Excellent service. The delivery partner was very friendly.,5,Positive
"Highly recommend ordering from here, the Salad is a must-try.",4,Positive
"I love the new UI, it's so easy to find my favorite Dessert restaurants.",4,Positive
"The discount coupon worked perfectly, saved quite a bit!",5,Positive
Delivery was early and the food quality was top-notch.,4,Positive
Best Dosa I've had in a while. Swiggy never disappoints.,5,Positive
The food from Taco Town was absolutely delicious and arrived on time.,4,Positive
"Highly recommend ordering from here, the Salad is a must-try.",5,Positive
Delivery was late and the food quality was top-notch.,4,Positive
Great experience! The packaging was perfect and no spills.,5,Positive
Super fast delivery! The Biryani was still piping hot.,5,Positive
The food from Healthy Bowls was absolutely delicious and arrived delayed.,4,Positive
Super fast delivery! The Salad was still piping hot.,4,Positive
Best Dosa I've had in a while. Swiggy never disappoints.,4,Positive
Best Sandwich I've had in a while. Swiggy never disappoints.,4,Positive
Best Pizza I've had in a while. Swiggy never disappoints.,4,Positive
"I love the new UI, it's so easy to find my favorite North Indian restaurants.",5,Positive
"The discount coupon worked perfectly, saved quite a bit!",4,Positive
Great experience! The packaging was perfect and no spills.,4,Positive
Best Salad I've had in a while. Swiggy never disappoints.,5,Positive
The food from Pizza Corner was absolutely delicious and arrived right when expected.,5,Positive
Super fast delivery! The Pasta was still piping hot.,5,Positive
Seamless payment experience and the live tracking is very accurate.,4,Positive
Best Sandwich I've had in a while. Swiggy never disappoints.,4,Positive
Seamless payment experience and the live tracking is very accurate.,4,Positive
Best Biryani I've had in a while. Swiggy never disappoints.,5,Positive
Super fast delivery! The Dosa was still piping hot.,5,Positive
Seamless payment experience and the live tracking is very accurate.,5,Positive
Delivery was early and the food quality was top-notch.,4,Positive
The food from Healthy Bowls was absolutely delicious and arrived on time.,5,Positive
Best Cold Coffee I've had in a while. Swiggy never disappoints.,5,Positive
Seamless payment experience and the live tracking is very accurate.,5,Positive
Best Biryani I've had in a while. Swiggy never disappoints.,4,Positive
Delivery was early and the food quality was top-notch.,4,Positive
Great experience! The packaging was perfect and no spills.,4,Positive
"Highly recommend ordering from here, the Pasta is a must-try.",5,Positive
"I love the new UI, it's so easy to find my favorite Continental restaurants.",5,Positive
The food from Biryani House was absolutely delicious and arrived delayed.,4,Positive
Excellent service. The delivery partner was very efficient.,4,Positive
"The discount coupon worked perfectly, saved quite a bit!",4,Positive
Super fast delivery! The Pizza was still piping hot.,5,Positive
Excellent service. The delivery partner was very friendly.,4,Positive
"I love the new UI, it's so easy to find my favorite North Indian restaurants.",5,Positive
Excellent service. The delivery partner was very professional.,4,Positive
The food from Healthy Bowls was absolutely delicious and arrived delayed.,4,Positive
"I love the new UI, it's so easy to find my favorite Dessert restaurants.",5,Positive
Best Sandwich I've had in a while. Swiggy never disappoints.,4,Positive
Great experience! The packaging was perfect and no spills.,5,Positive
"I love the new UI, it's so easy to find my favorite Italian restaurants.",5,Positive
"Highly recommend ordering from here, the Pizza is a must-try.",5,Positive
Great experience! The packaging was perfect and no spills.,5,Positive
Delivery was late and the food quality was top-notch.,5,Positive
"The discount coupon worked perfectly, saved quite a bit!",5,Positive
Super fast delivery! The Pizza was still piping hot.,5,Positive
Great experience! The packaging was perfect and no spills.,5,Positive
"Highly recommend ordering from here, the Dosa is a must-try.",4,Positive
"I love the new UI, it's so easy to find my favorite Continental restaurants.",4,Positive
Excellent service. The delivery partner was very friendly.,5,Positive
Super fast delivery! The Dessert was still piping hot.,4,Positive
"The discount coupon worked perfectly, saved quite a bit!",4,Positive
Great experience! The packaging was perfect and no spills.,5,Positive
Super fast delivery! The Pasta was still piping hot.,5,Positive
"The discount coupon worked perfectly, saved quite a bit!",4,Positive
Best Sandwich I've had in a while. Swiggy never disappoints.,5,Positive
"The discount coupon worked perfectly, saved quite a bit!",4,Positive
Delivery was early and the food quality was top-notch.,5,Positive
"The discount coupon worked perfectly, saved quite a bit!",4,Positive
Great experience! The packaging was perfect and no spills.,4,Positive
Great experience! The packaging was perfect and no spills.,5,Positive
Tired of consistent delays from this restaurant.,1,Negative
Refund process is taking forever for my cancelled order.,2,Negative
The delivery partner was very leaked and didn't follow instructions.,1,Negative
App kept crashing while I was trying to pay. Very frustrating.,1,Negative
"Food quality was terrible, won't order again.",2,Negative
Refund process is taking forever for my cancelled order.,2,Negative
Wrong items delivered! I ordered Dosa but got something else.,1,Negative
The Pizza was cold and the packaging was completely soggy.,1,Negative
I will never order from Biryani House again. Total waste of money.,2,Negative
Customer support is non-existent. No one helped with my wrong address.,2,Negative
Wrong items delivered! I ordered Pasta but got something else.,1,Negative
The Pasta was absolutely disgusting and soggy.,1,Negative
The Cold Coffee was cold and the packaging was completely stale.,1,Negative
"Hidden charges in the bill, the pricing is not transparent.",1,Negative
The Salad tasted stale and was not fresh at all.,2,Negative
Customer support is non-existent. No one helped with my cold food.,1,Negative
The Sandwich tasted rude and was not fresh at all.,1,Negative
Refund process is taking forever for my cancelled order.,1,Negative
"Food quality was worst, won't order again.",1,Negative
Customer support is non-existent. No one helped with my missing item.,1,Negative
Extremely disappointed. My order from Pizza Corner was on time by an hour.,2,Negative
The Salad tasted rude and was not fresh at all.,1,Negative
Extremely disappointed. My order from Healthy Bowls was on time by an hour.,1,Negative
Worst experience ever! Biryani was worst.,1,Negative
The Dosa was absolutely pathetic and rude.,1,Negative
Refund process is taking forever for my cancelled order.,1,Negative
The Dosa was absolutely disgusting and unprofessional.,2,Negative
Customer support is non-existent. No one helped with my wrong address.,1,Negative
"Hidden charges in the bill, the pricing is not transparent.",2,Negative
"Food quality was disgusting, won't order again.",1,Negative
"Hidden charges in the bill, the pricing is not transparent.",2,Negative
"Food quality was horrible, won't order again.",1,Negative
Worst experience ever! Cold Coffee was pathetic.,1,Negative
The Biryani was cold and the packaging was completely unprofessional.,2,Negative
Tired of consistent delays from this restaurant.,1,Negative
App kept crashing while I was trying to pay. Very frustrating.,1,Negative
"Hidden charges in the bill, the pricing is not transparent.",2,Negative
The Dessert tasted unprofessional and was not fresh at all.,2,Negative
Extremely disappointed. My order from Pizza Corner was late by an hour.,1,Negative
The Dosa tasted stale and was not fresh at all.,1,Negative
Wrong items delivered! I ordered Dosa but got something else.,2,Negative
App kept crashing while I was trying to pay. Very frustrating.,1,Negative
The Dosa tasted leaked and was not fresh at all.,2,Negative
Tired of consistent delays from this restaurant.,2,Negative
The Dosa tasted rude and was not fresh at all.,1,Negative
Tired of consistent delays from this restaurant.,1,Negative
Worst experience ever! Pasta was worst.,2,Negative
Extremely disappointed. My order from Pizza Corner was delayed by an hour.,2,Negative
The Sandwich tasted soggy and was not fresh at all.,2,Negative
App kept crashing while I was trying to pay. Very frustrating.,2,Negative
"Hidden charges in the bill, the pricing is not transparent.",2,Negative
The Biryani tasted unprofessional and was not fresh at all.,1,Negative
Refund process is taking forever for my cancelled order.,2,Negative
Worst experience ever! Sandwich was terrible.,2,Negative
I will never order from Taco Town again. Total waste of money.,2,Negative
Extremely disappointed. My order from Burger King was early by an hour.,1,Negative
App kept crashing while I was trying to pay. Very frustrating.,2,Negative
The Dessert was cold and the packaging was completely messy.,2,Negative
"Food quality was terrible, won't order again.",2,Negative
Customer support is non-existent. No one helped with my wrong address.,1,Negative
Wrong items delivered! I ordered Salad but got something else.,1,Negative
The Pizza tasted soggy and was not fresh at all.,1,Negative
I will never order from Burger King again. Total waste of money.,2,Negative
Worst experience ever! Dessert was disgusting.,2,Negative
Extremely disappointed. My order from Healthy Bowls was delayed by an hour.,1,Negative
Worst experience ever! Pasta was worst.,2,Negative
Wrong items delivered! I ordered Sandwich but got something else.,1,Negative
The Salad was cold and the packaging was completely leaked.,1,Negative
The Sandwich was cold and the packaging was completely stale.,1,Negative
Wrong items delivered! I ordered Cold Coffee but got something else.,2,Negative
The Salad tasted soggy and was not fresh at all.,2,Negative
Extremely disappointed. My order from South Indian Express was early by an hour.,2,Negative
Worst experience ever! Pizza was disgusting.,1,Negative
The Dessert was cold and the packaging was completely stale.,2,Negative
Wrong items delivered! I ordered Dosa but got something else.,1,Negative
Extremely disappointed. My order from Burger King was right when expected by an hour.,2,Negative
The Cold Coffee was absolutely terrible and unprofessional.,1,Negative
Tired of consistent delays from this restaurant.,2,Negative
"Food quality was worst, won't order again.",1,Negative
App kept crashing while I was trying to pay. Very frustrating.,2,Negative
Customer support is non-existent. No one helped with my missing item.,2,Negative
App kept crashing while I was trying to pay. Very frustrating.,2,Negative
I will never order from Biryani House again. Total waste of money.,2,Negative
Refund process is taking forever for my cancelled order.,2,Negative
The Biryani tasted messy and was not fresh at all.,2,Negative
"Food quality was awful, won't order again.",1,Negative
The delivery partner was very rude and didn't follow instructions.,2,Negative
Customer support is non-existent. No one helped with my wrong address.,1,Negative
The delivery partner was very unprofessional and didn't follow instructions.,1,Negative
Customer support is non-existent. No one helped with my wrong address.,1,Negative
Customer support is non-existent. No one helped with my missing item.,2,Negative
I will never order from Healthy Bowls again. Total waste of money.,1,Negative
App kept crashing while I was trying to pay. Very frustrating.,1,Negative
Refund process is taking forever for my cancelled order.,1,Negative
The Dosa tasted stale and was not fresh at all.,1,Negative
"Hidden charges in the bill, the pricing is not transparent.",1,Negative
The Dosa was cold and the packaging was completely messy.,2,Negative
Refund process is taking forever for my cancelled order.,2,Negative
The Pasta was absolutely horrible and unprofessional.,1,Negative
The Pizza was absolutely terrible and leaked.,2,Negative
Tired of consistent delays from this restaurant.,1,Negative
Worst experience ever! Dosa was disgusting.,2,Negative
Extremely disappointed. My order from Biryani House was right when expected by an hour.,2,Negative
Refund process is taking forever for my cancelled order.,2,Negative
Refund process is taking forever for my cancelled order.,1,Negative
The Pizza was absolutely worst and leaked.,1,Negative
Extremely disappointed. My order from Healthy Bowls was early by an hour.,2,Negative
The delivery partner was very leaked and didn't follow instructions.,1,Negative
I will never order from Healthy Bowls again. Total waste of money.,2,Negative
"Food quality was disgusting, won't order again.",2,Negative
Customer support is non-existent. No one helped with my spilled drink.,2,Negative
Refund process is taking forever for my cancelled order.,2,Negative
App kept crashing while I was trying to pay. Very frustrating.,2,Negative
The delivery partner was very rude and didn't follow instructions.,2,Negative
Customer support is non-existent. No one helped with my cold food.,2,Negative
The Pizza was absolutely awful and rude.,1,Negative
Refund process is taking forever for my cancelled order.,2,Negative
Refund process is taking forever for my cancelled order.,2,Negative
Wrong items delivered! I ordered Sandwich but got something else.,2,Negative
I will never order from Taco Town again. Total waste of money.,1,Negative
Customer support is non-existent. No one helped with my spilled drink.,1,Negative
"Food quality was worst, won't order again.",1,Negative
The Sandwich was absolutely awful and rude.,1,Negative
Tired of consistent delays from this restaurant.,1,Negative
I will never order from Biryani House again. Total waste of money.,2,Negative
"Food quality was horrible, won't order again.",1,Negative
Worst experience ever! Cold Coffee was pathetic.,2,Negative
Wrong items delivered! I ordered Pizza but got something else.,2,Negative
Wrong items delivered! I ordered Biryani but got something else.,1,Negative
The Biryani was cold and the packaging was completely rude.,2,Negative
The Pasta was cold and the packaging was completely leaked.,2,Negative
The delivery partner was very unprofessional and didn't follow instructions.,2,Negative
App kept crashing while I was trying to pay. Very frustrating.,1,Negative
Extremely disappointed. My order from Healthy Bowls was delayed by an hour.,1,Negative
Tired of consistent delays from this restaurant.,2,Negative
Customer support is non-existent. No one helped with my spilled drink.,1,Negative
Refund process is taking forever for my cancelled order.,1,Negative
I will never order from Healthy Bowls again. Total waste of money.,1,Negative
The Dessert was cold and the packaging was completely stale.,2,Negative
Worst experience ever! Salad was awful.,2,Negative
Worst experience ever! Pizza was worst.,2,Negative
Customer support is non-existent. No one helped with my wrong address.,1,Negative
Extremely disappointed. My order from Taco Town was on time by an hour.,2,Negative
The Pasta tasted leaked and was not fresh at all.,2,Negative
"Hidden charges in the bill, the pricing is not transparent.",2,Negative
The Dosa was absolutely terrible and unprofessional.,1,Negative
"Food quality was worst, won't order again.",2,Negative
The Pizza tasted messy and was not fresh at all.,2,Negative
Tired of consistent delays from this restaurant.,1,Negative
Extremely disappointed. My order from Burger King was late by an hour.,2,Negative
I will never order from Healthy Bowls again. Total waste of money.,1,Negative
Customer support is non-existent. No one helped with my missing item.,2,Negative
Tired of consistent delays from this restaurant.,1,Negative
Extremely disappointed. My order from Biryani House was delayed by an hour.,2,Negative
"Hidden charges in the bill, the pricing is not transparent.",2,Negative
Tired of consistent delays from this restaurant.,1,Negative
App kept crashing while I was trying to pay. Very frustrating.,2,Negative
Worst experience ever! Biryani was horrible.,2,Negative
I will never order from Pizza Corner again. Total waste of money.,2,Negative
The Pasta tasted rude and was not fresh at all.,1,Negative
App kept crashing while I was trying to pay. Very frustrating.,1,Negative
Wrong items delivered! I ordered Pasta but got something else.,2,Negative
Extremely disappointed. My order from Healthy Bowls was on time by an hour.,2,Negative
"Hidden charges in the bill, the pricing is not transparent.",1,Negative
Worst experience ever! Dessert was pathetic.,1,Negative
Worst experience ever! Pizza was pathetic.,1,Negative
"Food quality was worst, won't order again.",1,Negative
"Hidden charges in the bill, the pricing is not transparent.",2,Negative
I will never order from Biryani House again. Total waste of money.,2,Negative
Wrong items delivered! I ordered Biryani but got something else.,2,Negative
The Cold Coffee tasted messy and was not fresh at all.,2,Negative
The delivery partner was very messy and didn't follow instructions.,2,Negative
Worst experience ever! Salad was disgusting.,1,Negative
Worst experience ever! Salad was disgusting.,1,Negative
"Food quality was horrible, won't order again.",2,Negative
Customer support is non-existent. No one helped with my wrong address.,2,Negative
Extremely disappointed. My order from Healthy Bowls was late by an hour.,2,Negative
Refund process is taking forever for my cancelled order.,2,Negative
The Sandwich was cold and the packaging was completely leaked.,1,Negative
"Food quality was horrible, won't order again.",2,Negative
Refund process is taking forever for my cancelled order.,1,Negative
The Sandwich tasted rude and was not fresh at all.,2,Negative
The Dessert was cold and the packaging was completely unprofessional.,2,Negative
Customer support is non-existent. No one helped with my spilled drink.,1,Negative
"Hidden charges in the bill, the pricing is not transparent.",2,Negative
"Hidden charges in the bill, the pricing is not transparent.",1,Negative
Tired of consistent delays from this restaurant.,1,Negative
"Food quality was disgusting, won't order again.",1,Negative
The Dosa tasted leaked and was not fresh at all.,2,Negative
Customer support is non-existent. No one helped with my cold food.,2,Negative
"Hidden charges in the bill, the pricing is not transparent.",2,Negative
Customer support is non-existent. No one helped with my missing item.,2,Negative
Extremely disappointed. My order from South Indian Express was early by an hour.,2,Negative
"Food quality was pathetic, won't order again.",2,Negative
The Pizza tasted unprofessional and was not fresh at all.,2,Negative
The Pasta was cold and the packaging was completely unprofessional.,1,Negative
Tired of consistent delays from this restaurant.,2,Negative
Worst experience ever! Cold Coffee was terrible.,2,Negative
Refund process is taking forever for my cancelled order.,1,Negative
Customer support is non-existent. No one helped with my missing item.,1,Negative
Extremely disappointed. My order from Burger King was on time by an hour.,1,Negative
The Salad was absolutely horrible and unprofessional.,2,Negative
The Sandwich was absolutely horrible and soggy.,2,Negative
The Biryani tasted stale and was not fresh at all.,1,Negative
The Pizza tasted unprofessional and was not fresh at all.,2,Negative
Worst experience ever! Dessert was terrible.,2,Negative
App kept crashing while I was trying to pay. Very frustrating.,2,Negative
Customer support is non-existent. No one helped with my wrong address.,1,Negative
Worst experience ever! Dessert was worst.,1,Negative
"Food quality was disgusting, won't order again.",2,Negative
I will never order from Burger King again. Total waste of money.,1,Negative
Extremely disappointed. My order from Pizza Corner was right when expected by an hour.,2,Negative
"Food quality was pathetic, won't order again.",2,Negative
The Pasta tasted rude and was not fresh at all.,1,Negative
The Pizza tasted rude and was not fresh at all.,1,Negative
Wrong items delivered! I ordered Pasta but got something else.,2,Negative
Extremely disappointed. My order from Taco Town was delayed by an hour.,1,Negative
Customer support is non-existent. No one helped with my spilled drink.,2,Negative
Customer support is non-existent. No one helped with my wrong address.,1,Negative
Customer support is non-existent. No one helped with my missing item.,2,Negative
Worst experience ever! Pasta was awful.,1,Negative
I will never order from Burger King again. Total waste of money.,1,Negative
The delivery partner was very stale and didn't follow instructions.,1,Negative
The delivery partner was very soggy and didn't follow instructions.,2,Negative
"Food quality was horrible, won't order again.",2,Negative
"Food quality was disgusting, won't order again.",1,Negative
"Hidden charges in the bill, the pricing is not transparent.",2,Negative
The delivery partner was very leaked and didn't follow instructions.,2,Negative
The Dessert tasted unprofessional and was not fresh at all.,2,Negative
App kept crashing while I was trying to pay. Very frustrating.,2,Negative
Refund process is taking forever for my cancelled order.,2,Negative
Refund process is taking forever for my cancelled order.,1,Negative
Tired of consistent delays from this restaurant.,1,Negative
App kept crashing while I was trying to pay. Very frustrating.,2,Negative
The Biryani was cold and the packaging was completely soggy.,1,Negative
App kept crashing while I was trying to pay. Very frustrating.,2,Negative
Extremely disappointed. My order from South Indian Express was delayed by an hour.,1,Negative
The delivery partner was very stale and didn't follow instructions.,2,Negative
The Sandwich was absolutely pathetic and rude.,1,Negative
Customer support is non-existent. No one helped with my wrong address.,1,Negative
Wrong items delivered! I ordered Dosa but got something else.,2,Negative
The Salad was cold and the packaging was completely soggy.,1,Negative
Worst experience ever! Biryani was awful.,2,Negative
I will never order from Biryani House again. Total waste of money.,1,Negative
Refund process is taking forever for my cancelled order.,2,Negative
Tired of consistent delays from this restaurant.,1,Negative
The Biryani was absolutely worst and soggy.,2,Negative
Customer support is non-existent. No one helped with my spilled drink.,2,Negative
I will never order from Taco Town again. Total waste of money.,1,Negative
App kept crashing while I was trying to pay. Very frustrating.,2,Negative
The delivery partner was very soggy and didn't follow instructions.,2,Negative
Worst experience ever! Sandwich was pathetic.,1,Negative
Wrong items delivered! I ordered Biryani but got something else.,1,Negative
"Food quality was terrible, won't order again.",1,Negative
Customer support is non-existent. No one helped with my wrong address.,1,Negative
Worst experience ever! Cold Coffee was terrible.,2,Negative
Wrong items delivered! I ordered Cold Coffee but got something else.,1,Negative
Extremely disappointed. My order from Burger King was right when expected by an hour.,2,Negative
I will never order from Taco Town again. Total waste of money.,1,Negative
The Pasta tasted soggy and was not fresh at all.,2,Negative
The delivery partner was very messy and didn't follow instructions.,1,Negative
The Dosa was absolutely disgusting and leaked.,2,Negative
"Hidden charges in the bill, the pricing is not transparent.",1,Negative
The delivery partner was very stale and didn't follow instructions.,1,Negative
Wrong items delivered! I ordered Cold Coffee but got something else.,2,Negative
The delivery partner was very unprofessional and didn't follow instructions.,1,Negative
App kept crashing while I was trying to pay. Very frustrating.,1,Negative
The Dosa was cold and the packaging was completely messy.,1,Negative
Wrong items delivered! I ordered Sandwich but got something else.,2,Negative
The Dosa was cold and the packaging was completely unprofessional.,1,Negative
Customer support is non-existent. No one helped with my wrong address.,1,Negative
Wrong items delivered! I ordered Dosa but got something else.,2,Negative
"Hidden charges in the bill, the pricing is not transparent.",1,Negative
Worst experience ever! Biryani was disgusting.,2,Negative
Customer support is non-existent. No one helped with my wrong address.,1,Negative
"Food quality was terrible, won't order again.",2,Negative
The Sandwich was absolutely terrible and messy.,1,Negative
The Pizza tasted leaked and was not fresh at all.,1,Negative
I will never order from Biryani House again. Total waste of money.,1,Negative
The Salad was cold and the packaging was completely soggy.,1,Negative
The Pizza was cold and the packaging was completely rude.,1,Negative
The delivery partner was very leaked and didn't follow instructions.,2,Negative
Customer support is non-existent. No one helped with my missing item.,1,Negative
Extremely disappointed. My order from Burger King was on time by an hour.,1,Negative
I will never order from Biryani House again. Total waste of money.,1,Negative
Refund process is taking forever for my cancelled order.,2,Negative
I will never order from South Indian Express again. Total waste of money.,2,Negative
App kept crashing while I was trying to pay. Very frustrating.,1,Negative
The delivery partner was very messy and didn't follow instructions.,1,Negative
The Dessert was absolutely disgusting and messy.,2,Negative
Customer support is non-existent. No one helped with my spilled drink.,1,Negative
Refund process is taking forever for my cancelled order.,2,Negative
The Dessert was absolutely horrible and rude.,2,Negative
App kept crashing while I was trying to pay. Very frustrating.,2,Negative
Tired of consistent delays from this restaurant.,2,Negative
Extremely disappointed. My order from Burger King was early by an hour.,2,Negative
Worst experience ever! Cold Coffee was pathetic.,1,Negative
Customer support is non-existent. No one helped with my cold food.,2,Negative
I will never order from Burger King again. Total waste of money.,2,Negative
The delivery partner was very messy and didn't follow instructions.,1,Negative
"Hidden charges in the bill, the pricing is not transparent.",1,Negative
I will never order from Healthy Bowls again. Total waste of money.,1,Negative
Tired of consistent delays from this restaurant.,2,Negative
Worst experience ever! Salad was terrible.,1,Negative
Refund process is taking forever for my cancelled order.,2,Negative
The delivery partner was very leaked and didn't follow instructions.,2,Negative
The Cold Coffee was cold and the packaging was completely messy.,2,Negative
"Food quality was awful, won't order again.",1,Negative
The delivery partner was very soggy and didn't follow instructions.,1,Negative
The Salad was absolutely pathetic and unprofessional.,1,Negative
The delivery partner was very messy and didn't follow instructions.,2,Negative
I will never order from South Indian Express again. Total waste of money.,1,Negative
The delivery partner was very soggy and didn't follow instructions.,1,Negative
Extremely disappointed. My order from Burger King was early by an hour.,2,Negative
Worst experience ever! Biryani was pathetic.,1,Negative
The delivery partner was very unprofessional and didn't follow instructions.,1,Negative
Extremely disappointed. My order from Healthy Bowls was right when expected by an hour.,1,Negative
The Sandwich was cold and the packaging was completely soggy.,2,Negative
Refund process is taking forever for my cancelled order.,2,Negative
I will never order from Taco Town again. Total waste of money.,2,Negative
I will never order from South Indian Express again. Total waste of money.,2,Negative
The Pasta was absolutely pathetic and messy.,2,Negative
Refund process is taking forever for my cancelled order.,1,Negative
Wrong items delivered! I ordered Cold Coffee but got something else.,2,Negative
App kept crashing while I was trying to pay. Very frustrating.,2,Negative
"Hidden charges in the bill, the pricing is not transparent.",2,Negative
"Hidden charges in the bill, the pricing is not transparent.",2,Negative
The Dosa was cold and the packaging was completely rude.,2,Negative
The delivery partner was very leaked and didn't follow instructions.,1,Negative
Extremely disappointed. My order from Biryani House was late by an hour.,2,Negative
Customer support is non-existent. No one helped with my cold food.,1,Negative
The Sandwich tasted unprofessional and was not fresh at all.,2,Negative
The Sandwich tasted rude and was not fresh at all.,1,Negative
I will never order from South Indian Express again. Total waste of money.,2,Negative
Refund process is taking forever for my cancelled order.,1,Negative
The Dessert was cold and the packaging was completely rude.,2,Negative
"Hidden charges in the bill, the pricing is not transparent.",2,Negative
The Dosa tasted rude and was not fresh at all.,2,Negative
The Pasta tasted stale and was not fresh at all.,2,Negative
Extremely disappointed. My order from Healthy Bowls was early by an hour.,2,Negative
Worst experience ever! Pasta was terrible.,1,Negative
I will never order from Burger King again. Total waste of money.,2,Negative
Wrong items delivered! I ordered Pizza but got something else.,1,Negative
"Food quality was pathetic, won't order again.",2,Negative
The delivery partner was very soggy and didn't follow instructions.,2,Negative
Extremely disappointed. My order from Burger King was late by an hour.,1,Negative
Wrong items delivered! I ordered Sandwich but got something else.,1,Negative
The Biryani tasted leaked and was not fresh at all.,2,Negative
Customer support is non-existent. No one helped with my spilled drink.,1,Negative
Tired of consistent delays from this restaurant.,2,Negative
Worst experience ever! Cold Coffee was awful.,2,Negative
The Salad was cold and the packaging was completely leaked.,1,Negative
Customer support is non-existent. No one helped with my cold food.,2,Negative
The Cold Coffee tasted stale and was not fresh at all.,1,Negative
I will never order from Biryani House again. Total waste of money.,1,Negative
Worst experience ever! Pizza was pathetic.,1,Negative
App kept crashing while I was trying to pay. Very frustrating.,2,Negative
"Food quality was worst, won't order again.",2,Negative
Worst experience ever! Dosa was disgusting.,1,Negative
The Salad was absolutely worst and stale.,1,Negative
I will never order from Pizza Corner again. Total waste of money.,1,Negative
App kept crashing while I was trying to pay. Very frustrating.,2,Negative
"Food quality was pathetic, won't order again.",2,Negative
Worst experience ever! Pasta was awful.,1,Negative
Refund process is taking forever for my cancelled order.,2,Negative
"Food quality was terrible, won't order again.",1,Negative
Customer support is non-existent. No one helped with my spilled drink.,2,Negative
Wrong items delivered! I ordered Biryani but got something else.,2,Negative
The Dosa tasted unprofessional and was not fresh at all.,1,Negative
"Hidden charges in the bill, the pricing is not transparent.",2,Negative
"Hidden charges in the bill, the pricing is not transparent.",2,Negative
"Food quality was pathetic, won't order again.",1,Negative
Extremely disappointed. My order from South Indian Express was delayed by an hour.,1,Negative
The Cold Coffee was cold and the packaging was completely rude.,2,Negative
I will never order from Healthy Bowls again. Total waste of money.,1,Negative
App kept crashing while I was trying to pay. Very frustrating.,2,Negative
The Pizza was absolutely horrible and messy.,1,Negative
The Pizza tasted leaked and was not fresh at all.,1,Negative
Customer support is non-existent. No one helped with my missing item.,1,Negative
The delivery partner was very stale and didn't follow instructions.,1,Negative
The Dessert was cold and the packaging was completely stale.,2,Negative
App kept crashing while I was trying to pay. Very frustrating.,2,Negative
The Pizza was cold and the packaging was completely rude.,2,Negative
The Dosa tasted leaked and was not fresh at all.,1,Negative
The Sandwich tasted stale and was not fresh at all.,2,Negative
Extremely disappointed. My order from Healthy Bowls was right when expected by an hour.,2,Negative
"Food quality was terrible, won't order again.",1,Negative
"Food quality was pathetic, won't order again.",2,Negative
Wrong items delivered! I ordered Biryani but got something else.,1,Negative
Refund process is taking forever for my cancelled order.,2,Negative
The delivery partner was very stale and didn't follow instructions.,2,Negative
The delivery partner was very leaked and didn't follow instructions.,1,Negative
App kept crashing while I was trying to pay. Very frustrating.,2,Negative
Customer support is non-existent. No one helped with my wrong address.,1,Negative
Worst experience ever! Dessert was awful.,2,Negative
The Dessert was absolutely terrible and unprofessional.,2,Negative
"Food quality was horrible, won't order again.",1,Negative
The Sandwich tasted stale and was not fresh at all.,2,Negative
Wrong items delivered! I ordered Pasta but got something else.,1,Negative
"Hidden charges in the bill, the pricing is not transparent.",1,Negative
App kept crashing while I was trying to pay. Very frustrating.,1,Negative
The Sandwich was absolutely disgusting and messy.,1,Negative
I will never order from South Indian Express again. Total waste of money.,2,Negative
"Food quality was worst, won't order again.",1,Negative
Extremely disappointed. My order from Pizza Corner was early by an hour.,1,Negative
App kept crashing while I was trying to pay. Very frustrating.,1,Negative
Wrong items delivered! I ordered Dosa but got something else.,2,Negative
"Hidden charges in the bill, the pricing is not transparent.",2,Negative
The Sandwich was cold and the packaging was completely stale.,2,Negative
"Hidden charges in the bill, the pricing is not transparent.",1,Negative
"Food quality was horrible, won't order again.",2,Negative
"Hidden charges in the bill, the pricing is not transparent.",2,Negative
App kept crashing while I was trying to pay. Very frustrating.,2,Negative
The delivery partner was very stale and didn't follow instructions.,1,Negative
The Pasta was cold and the packaging was completely leaked.,2,Negative
Tired of consistent delays from this restaurant.,1,Negative
Refund process is taking forever for my cancelled order.,1,Negative
The Sandwich was cold and the packaging was completely unprofessional.,2,Negative
"Hidden charges in the bill, the pricing is not transparent.",1,Negative
The Pizza tasted messy and was not fresh at all.,1,Negative
Tired of consistent delays from this restaurant.,2,Negative
The Pasta was cold and the packaging was completely stale.,2,Negative
The Dosa tasted leaked and was not fresh at all.,1,Negative
I will never order from Pizza Corner again. Total waste of money.,2,Negative
I will never order from Biryani House again. Total waste of money.,1,Negative
Worst experience ever! Salad was awful.,2,Negative
The delivery partner was very leaked and didn't follow instructions.,2,Negative
Worst experience ever! Pizza was worst.,1,Negative
"Hidden charges in the bill, the pricing is not transparent.",2,Negative
The Dessert was cold and the packaging was completely leaked.,2,Negative
The delivery partner was very messy and didn't follow instructions.,1,Negative
Worst experience ever! Salad was horrible.,2,Negative
The delivery partner was very soggy and didn't follow instructions.,1,Negative
"Hidden charges in the bill, the pricing is not transparent.",2,Negative
Tired of consistent delays from this restaurant.,1,Negative
I will never order from South Indian Express again. Total waste of money.,1,Negative
The Pizza was cold and the packaging was completely rude.,2,Negative
"Food quality was horrible, won't order again.",2,Negative
Wrong items delivered! I ordered Cold Coffee but got something else.,1,Negative
Refund process is taking forever for my cancelled order.,2,Negative
App kept crashing while I was trying to pay. Very frustrating.,1,Negative
The Cold Coffee was cold and the packaging was completely unprofessional.,1,Negative
The delivery partner was very rude and didn't follow instructions.,2,Negative
Worst experience ever! Cold Coffee was awful.,2,Negative
The Biryani was cold and the packaging was completely stale.,1,Negative
Worst experience ever! Pizza was horrible.,1,Negative
App kept crashing while I was trying to pay. Very frustrating.,2,Negative
Customer support is non-existent. No one helped with my missing item.,1,Negative
Refund process is taking forever for my cancelled order.,2,Negative
The delivery partner was very leaked and didn't follow instructions.,1,Negative
Worst experience ever! Sandwich was terrible.,2,Negative
"Hidden charges in the bill, the pricing is not transparent.",1,Negative
The Biryani was cold and the packaging was completely stale.,1,Negative
The Dosa tasted unprofessional and was not fresh at all.,1,Negative
Wrong items delivered! I ordered Salad but got something else.,1,Negative
Refund process is taking forever for my cancelled order.,2,Negative
"Hidden charges in the bill, the pricing is not transparent.",1,Negative
Extremely disappointed. My order from Taco Town was right when expected by an hour.,2,Negative
Refund process is taking forever for my cancelled order.,1,Negative
App kept crashing while I was trying to pay. Very frustrating.,2,Negative
Wrong items delivered! I ordered Pizza but got something else.,1,Negative
Refund process is taking forever for my cancelled order.,1,Negative
The delivery partner was very rude and didn't follow instructions.,1,Negative
Worst experience ever! Dessert was awful.,2,Negative
"Hidden charges in the bill, the pricing is not transparent.",2,Negative
The delivery partner was very leaked and didn't follow instructions.,1,Negative
Tired of consistent delays from this restaurant.,1,Negative
Refund process is taking forever for my cancelled order.,1,Negative
I will never order from South Indian Express again. Total waste of money.,2,Negative
Worst experience ever! Pizza was disgusting.,1,Negative
"Hidden charges in the bill, the pricing is not transparent.",2,Negative
Extremely disappointed. My order from Burger King was late by an hour.,1,Negative
The delivery partner was very leaked and didn't follow instructions.,2,Negative
The Sandwich was absolutely awful and soggy.,2,Negative
The Salad was absolutely disgusting and stale.,2,Negative
Refund process is taking forever for my cancelled order.,1,Negative
Extremely disappointed. My order from Healthy Bowls was early by an hour.,1,Negative
I will never order from Biryani House again. Total waste of money.,1,Negative
"Food quality was worst, won't order again.",1,Negative
The Cold Coffee was cold and the packaging was completely messy.,2,Negative
Extremely disappointed. My order from Healthy Bowls was on time by an hour.,2,Negative
App kept crashing while I was trying to pay. Very frustrating.,2,Negative
"Hidden charges in the bill, the pricing is not transparent.",2,Negative
Extremely disappointed. My order from Burger King was right when expected by an hour.,2,Negative
The delivery partner was very messy and didn't follow instructions.,1,Negative
Tired of consistent delays from this restaurant.,1,Negative
App kept crashing while I was trying to pay. Very frustrating.,1,Negative
I will never order from Taco Town again. Total waste of money.,1,Negative
The Dosa tasted rude and was not fresh at all.,1,Negative
The Pasta was absolutely worst and unprofessional.,1,Negative
The Sandwich was absolutely pathetic and messy.,2,Negative
The Pasta tasted soggy and was not fresh at all.,1,Negative
The Cold Coffee tasted unprofessional and was not fresh at all.,2,Negative
The Pasta was cold and the packaging was completely stale.,1,Negative
The Cold Coffee was cold and the packaging was completely soggy.,1,Negative
The Salad tasted leaked and was not fresh at all.,1,Negative
Wrong items delivered! I ordered Sandwich but got something else.,1,Negative
The Salad was absolutely pathetic and unprofessional.,1,Negative
"Hidden charges in the bill, the pricing is not transparent.",2,Negative
Extremely disappointed. My order from Healthy Bowls was on time by an hour.,1,Negative
Customer support is non-existent. No one helped with my cold food.,2,Negative
Customer support is non-existent. No one helped with my cold food.,2,Negative
App kept crashing while I was trying to pay. Very frustrating.,2,Negative
Customer support is non-existent. No one helped with my cold food.,1,Negative
Customer support is non-existent. No one helped with my spilled drink.,2,Negative
The Pasta tasted leaked and was not fresh at all.,1,Negative
Extremely disappointed. My order from South Indian Express was early by an hour.,2,Negative
Wrong items delivered! I ordered Sandwich but got something else.,2,Negative
The Biryani was cold and the packaging was completely messy.,2,Negative
The delivery partner was very leaked and didn't follow instructions.,1,Negative
App kept crashing while I was trying to pay. Very frustrating.,1,Negative
The Biryani was cold and the packaging was completely leaked.,2,Negative
The delivery partner was very leaked and didn't follow instructions.,2,Negative
App kept crashing while I was trying to pay. Very frustrating.,2,Negative
The Pasta was absolutely pathetic and soggy.,1,Negative
"Food quality was pathetic, won't order again.",2,Negative
The Salad was absolutely terrible and unprofessional.,1,Negative
"Hidden charges in the bill, the pricing is not transparent.",1,Negative
The delivery partner was very messy and didn't follow instructions.,1,Negative
The Cold Coffee tasted unprofessional and was not fresh at all.,2,Negative
Tired of consistent delays from this restaurant.,1,Negative
Extremely disappointed. My order from Taco Town was delayed by an hour.,2,Negative
Wrong items delivered! I ordered Salad but got something else.,1,Negative
Extremely disappointed. My order from Pizza Corner was early by an hour.,2,Negative
App kept crashing while I was trying to pay. Very frustrating.,2,Negative
"Hidden charges in the bill, the pricing is not transparent.",1,Negative
Tired of consistent delays from this restaurant.,2,Negative
The delivery partner was very unprofessional and didn't follow instructions.,2,Negative
The delivery partner was very soggy and didn't follow instructions.,2,Negative
Refund process is taking forever for my cancelled order.,1,Negative
"Food quality was awful, won't order again.",1,Negative
Refund process is taking forever for my cancelled order.,2,Negative
App kept crashing while I was trying to pay. Very frustrating.,2,Negative
"Food quality was pathetic, won't order again.",2,Negative
Worst experience ever! Pasta was pathetic.,2,Negative
Worst experience ever! Dessert was horrible.,2,Negative
I will never order from Taco Town again. Total waste of money.,2,Negative
Extremely disappointed. My order from Healthy Bowls was on time by an hour.,2,Negative
"Food quality was awful, won't order again.",1,Negative
I will never order from South Indian Express again. Total waste of money.,1,Negative
Refund process is taking forever for my cancelled order.,2,Negative
"Food quality was awful, won't order again.",1,Negative
Worst experience ever! Sandwich was pathetic.,1,Negative
"Food quality was terrible, won't order again.",1,Negative
Customer support is non-existent. No one helped with my wrong address.,2,Negative
The Biryani was absolutely terrible and soggy.,1,Negative
Extremely disappointed. My order from Biryani House was delayed by an hour.,2,Negative
The Pasta was cold and the packaging was completely unprofessional.,1,Negative
I will never order from Pizza Corner again. Total waste of money.,1,Negative
Tired of consistent delays from this restaurant.,2,Negative
"It's an okay app, does the job but has some minor bugs.",3,Neutral
"The food was okay, nothing special but delivery was late.",3,Neutral
"Decent variety of restaurants, but many are currently unavailable.",3,Neutral
"Decent variety of restaurants, but many are currently unavailable.",3,Neutral
Everything was fine but the delivery partner took a while to find the gate.,3,Neutral
"Delivery was on time, but the map tracking was a bit glitchy.",3,Neutral
"Decent variety of restaurants, but many are currently unavailable.",3,Neutral
"The food was okay, nothing special but delivery was delayed.",3,Neutral
"Decent variety of restaurants, but many are currently unavailable.",3,Neutral
"Standard delivery, no issues but no surprises either.",3,Neutral
Everything was fine but the delivery partner took a while to find the landmark.,3,Neutral
"Fairly priced food, but the delivery fee is a bit high.",3,Neutral
"Delivery was on time, but the map tracking was a bit glitchy.",3,Neutral
"Standard delivery, no issues but no surprises either.",3,Neutral
"The food was okay, nothing special but delivery was early.",3,Neutral
"Fairly priced food, but the delivery fee is a bit high.",3,Neutral
Everything was fine but the delivery partner took a while to find the apartment.,3,Neutral
Average experience. The Pasta was decent but could be better.,3,Neutral
"Standard delivery, no issues but no surprises either.",3,Neutral
"Standard delivery, no issues but no surprises either.",3,Neutral
"Delivery was on time, but the map tracking was a bit glitchy.",3,Neutral
Average experience. The Sandwich was decent but could be better.,3,Neutral
"Delivery was on time, but the map tracking was a bit glitchy.",3,Neutral
"Delivery was on time, but the map tracking was a bit glitchy.",3,Neutral
"Standard delivery, no issues but no surprises either.",3,Neutral
Average experience. The Salad was decent but could be better.,3,Neutral
"Decent variety of restaurants, but many are currently unavailable.",3,Neutral
"Decent variety of restaurants, but many are currently unavailable.",3,Neutral
"The food was okay, nothing special but delivery was right when expected.",3,Neutral
"The food was okay, nothing special but delivery was early.",3,Neutral
"The restaurant forgot the extra tissues, but the main meal was fine.",3,Neutral
"The restaurant forgot the extra oregano, but the main meal was fine.",3,Neutral
"Fairly priced food, but the delivery fee is a bit high.",3,Neutral
"Fairly priced food, but the delivery fee is a bit high.",3,Neutral
"Delivery was on time, but the map tracking was a bit glitchy.",3,Neutral
"It's an okay app, does the job but has some minor bugs.",3,Neutral
"The Salad was good, however the portion size was a bit small.",3,Neutral
"Delivery was on time, but the map tracking was a bit glitchy.",3,Neutral
Average experience. The Biryani was decent but could be better.,3,Neutral
"The Sandwich was good, however the portion size was a bit small.",3,Neutral
"Delivery was on time, but the map tracking was a bit glitchy.",3,Neutral
"The food was okay, nothing special but delivery was early.",3,Neutral
"The food was okay, nothing special but delivery was on time.",3,Neutral
"Standard delivery, no issues but no surprises either.",3,Neutral
"The Pizza was good, however the portion size was a bit small.",3,Neutral
"The Sandwich was good, however the portion size was a bit small.",3,Neutral
"The Biryani was good, however the portion size was a bit small.",3,Neutral
Everything was fine but the delivery partner took a while to find the gate.,3,Neutral
"The Salad was good, however the portion size was a bit small.",3,Neutral
"Delivery was on time, but the map tracking was a bit glitchy.",3,Neutral
"Delivery was on time, but the map tracking was a bit glitchy.",3,Neutral
Average experience. The Dessert was decent but could be better.,3,Neutral
Everything was fine but the delivery partner took a while to find the building.,3,Neutral
"The restaurant forgot the extra oregano, but the main meal was fine.",3,Neutral
"Standard delivery, no issues but no surprises either.",3,Neutral
"Delivery was on time, but the map tracking was a bit glitchy.",3,Neutral
Everything was fine but the delivery partner took a while to find the gate.,3,Neutral
Average experience. The Biryani was decent but could be better.,3,Neutral
"The food was okay, nothing special but delivery was late.",3,Neutral
"Fairly priced food, but the delivery fee is a bit high.",3,Neutral
"Decent variety of restaurants, but many are currently unavailable.",3,Neutral
"Standard delivery, no issues but no surprises either.",3,Neutral
"Decent variety of restaurants, but many are currently unavailable.",3,Neutral
"Decent variety of restaurants, but many are currently unavailable.",3,Neutral
"Standard delivery, no issues but no surprises either.",3,Neutral
"Standard delivery, no issues but no surprises either.",3,Neutral
Everything was fine but the delivery partner took a while to find the landmark.,3,Neutral
"The restaurant forgot the extra ketchup, but the main meal was fine.",3,Neutral
"Delivery was on time, but the map tracking was a bit glitchy.",3,Neutral
"The Biryani was good, however the portion size was a bit small.",3,Neutral
Average experience. The Pizza was decent but could be better.,3,Neutral
"The food was okay, nothing special but delivery was on time.",3,Neutral
"The restaurant forgot the extra tissues, but the main meal was fine.",3,Neutral
"The food was okay, nothing special but delivery was early.",3,Neutral
Average experience. The Pizza was decent but could be better.,3,Neutral
"The food was okay, nothing special but delivery was early.",3,Neutral
"The Biryani was good, however the portion size was a bit small.",3,Neutral
"The restaurant forgot the extra ketchup, but the main meal was fine.",3,Neutral
"Decent variety of restaurants, but many are currently unavailable.",3,Neutral
Average experience. The Sandwich was decent but could be better.,3,Neutral
Everything was fine but the delivery partner took a while to find the apartment.,3,Neutral
Everything was fine but the delivery partner took a while to find the building.,3,Neutral
"It's an okay app, does the job but has some minor bugs.",3,Neutral
"It's an okay app, does the job but has some minor bugs.",3,Neutral
"The food was okay, nothing special but delivery was on time.",3,Neutral
"Delivery was on time, but the map tracking was a bit glitchy.",3,Neutral
"Decent variety of restaurants, but many are currently unavailable.",3,Neutral
"Fairly priced food, but the delivery fee is a bit high.",3,Neutral
Everything was fine but the delivery partner took a while to find the building.,3,Neutral
"The restaurant forgot the extra oregano, but the main meal was fine.",3,Neutral
"The restaurant forgot the extra oregano, but the main meal was fine.",3,Neutral
Average experience. The Dosa was decent but could be better.,3,Neutral
"The Biryani was good, however the portion size was a bit small.",3,Neutral
"The food was okay, nothing special but delivery was early.",3,Neutral
"The Biryani was good, however the portion size was a bit small.",3,Neutral
"Decent variety of restaurants, but many are currently unavailable.",3,Neutral
"Standard delivery, no issues but no surprises either.",3,Neutral
"Delivery was on time, but the map tracking was a bit glitchy.",3,Neutral
"Fairly priced food, but the delivery fee is a bit high.",3,Neutral
"Fairly priced food, but the delivery fee is a bit high.",3,Neutral
"The restaurant forgot the extra tissues, but the main meal was fine.",3,Neutral
"Fairly priced food, but the delivery fee is a bit high.",3,Neutral
"Fairly priced food, but the delivery fee is a bit high.",3,Neutral
"Fairly priced food, but the delivery fee is a bit high.",3,Neutral
"It's an okay app, does the job but has some minor bugs.",3,Neutral
"The restaurant forgot the extra spoons, but the main meal was fine.",3,Neutral
"Decent variety of restaurants, but many are currently unavailable.",3,Neutral
"The Sandwich was good, however the portion size was a bit small.",3,Neutral
"Fairly priced food, but the delivery fee is a bit high.",3,Neutral
Everything was fine but the delivery partner took a while to find the landmark.,3,Neutral
"Delivery was on time, but the map tracking was a bit glitchy.",3,Neutral
"The restaurant forgot the extra ketchup, but the main meal was fine.",3,Neutral
"Fairly priced food, but the delivery fee is a bit high.",3,Neutral
Everything was fine but the delivery partner took a while to find the landmark.,3,Neutral
Everything was fine but the delivery partner took a while to find the building.,3,Neutral
"Decent variety of restaurants, but many are currently unavailable.",3,Neutral
"Fairly priced food, but the delivery fee is a bit high.",3,Neutral
"Standard delivery, no issues but no surprises either.",3,Neutral
"The food was okay, nothing special but delivery was delayed.",3,Neutral
"Decent variety of restaurants, but many are currently unavailable.",3,Neutral
"The restaurant forgot the extra oregano, but the main meal was fine.",3,Neutral
"Delivery was on time, but the map tracking was a bit glitchy.",3,Neutral
"Standard delivery, no issues but no surprises either.",3,Neutral
"It's an okay app, does the job but has some minor bugs.",3,Neutral
Everything was fine but the delivery partner took a while to find the apartment.,3,Neutral
"Fairly priced food, but the delivery fee is a bit high.",3,Neutral
"The Sandwich was good, however the portion size was a bit small.",3,Neutral
Average experience. The Pizza was decent but could be better.,3,Neutral
"It's an okay app, does the job but has some minor bugs.",3,Neutral
Average experience. The Cold Coffee was decent but could be better.,3,Neutral
"Standard delivery, no issues but no surprises either.",3,Neutral
"Fairly priced food, but the delivery fee is a bit high.",3,Neutral
"It's an okay app, does the job but has some minor bugs.",3,Neutral
"Decent variety of restaurants, but many are currently unavailable.",3,Neutral
"The restaurant forgot the extra spoons, but the main meal was fine.",3,Neutral
Average experience. The Pizza was decent but could be better.,3,Neutral
"The Dosa was good, however the portion size was a bit small.",3,Neutral
Everything was fine but the delivery partner took a while to find the gate.,3,Neutral
Average experience. The Salad was decent but could be better.,3,Neutral
"The Pasta was good, however the portion size was a bit small.",3,Neutral
Everything was fine but the delivery partner took a while to find the building.,3,Neutral
"Standard delivery, no issues but no surprises either.",3,Neutral
"Standard delivery, no issues but no surprises either.",3,Neutral
Average experience. The Dosa was decent but could be better.,3,Neutral
"Standard delivery, no issues but no surprises either.",3,Neutral
Everything was fine but the delivery partner took a while to find the apartment.,3,Neutral
Everything was fine but the delivery partner took a while to find the building.,3,Neutral
"Delivery was on time, but the map tracking was a bit glitchy.",3,Neutral
"Decent variety of restaurants, but many are currently unavailable.",3,Neutral
"The restaurant forgot the extra ketchup, but the main meal was fine.",3,Neutral
"Decent variety of restaurants, but many are currently unavailable.",3,Neutral
"The food was okay, nothing special but delivery was on time.",3,Neutral
"Decent variety of restaurants, but many are currently unavailable.",3,Neutral
"Delivery was on time, but the map tracking was a bit glitchy.",3,Neutral
"The Biryani was good, however the portion size was a bit small.",3,Neutral
Average experience. The Sandwich was decent but could be better.,3,Neutral
Everything was fine but the delivery partner took a while to find the gate.,3,Neutral
Everything was fine but the delivery partner took a while to find the apartment.,3,Neutral
"It's an okay app, does the job but has some minor bugs.",3,Neutral
Everything was fine but the delivery partner took a while to find the apartment.,3,Neutral
Average experience. The Salad was decent but could be better.,3,Neutral
"The restaurant forgot the extra spoons, but the main meal was fine.",3,Neutral
"The restaurant forgot the extra spoons, but the main meal was fine.",3,Neutral
Everything was fine but the delivery partner took a while to find the gate.,3,Neutral
"Standard delivery, no issues but no surprises either.",3,Neutral
Everything was fine but the delivery partner took a while to find the landmark.,3,Neutral
"It's an okay app, does the job but has some minor bugs.",3,Neutral
"Delivery was on time, but the map tracking was a bit glitchy.",3,Neutral
Everything was fine but the delivery partner took a while to find the apartment.,3,Neutral
"Fairly priced food, but the delivery fee is a bit high.",3,Neutral
"The food was okay, nothing special but delivery was delayed.",3,Neutral
"Fairly priced food, but the delivery fee is a bit high.",3,Neutral
"The restaurant forgot the extra ketchup, but the main meal was fine.",3,Neutral
"Decent variety of restaurants, but many are currently unavailable.",3,Neutral
"It's an okay app, does the job but has some minor bugs.",3,Neutral
Average experience. The Dessert was decent but could be better.,3,Neutral
"Delivery was on time, but the map tracking was a bit glitchy.",3,Neutral
"The restaurant forgot the extra tissues, but the main meal was fine.",3,Neutral
"The restaurant forgot the extra tissues, but the main meal was fine.",3,Neutral
Everything was fine but the delivery partner took a while to find the gate.,3,Neutral
"Delivery was on time, but the map tracking was a bit glitchy.",3,Neutral
Everything was fine but the delivery partner took a while to find the apartment.,3,Neutral
Average experience. The Pasta was decent but could be better.,3,Neutral
"Decent variety of restaurants, but many are currently unavailable.",3,Neutral
"The food was okay, nothing special but delivery was on time.",3,Neutral
"Delivery was on time, but the map tracking was a bit glitchy.",3,Neutral
"The restaurant forgot the extra spoons, but the main meal was fine.",3,Neutral
Everything was fine but the delivery partner took a while to find the building.,3,Neutral
Everything was fine but the delivery partner took a while to find the apartment.,3,Neutral
"Decent variety of restaurants, but many are currently unavailable.",3,Neutral
"The food was okay, nothing special but delivery was delayed.",3,Neutral
"Delivery was on time, but the map tracking was a bit glitchy.",3,Neutral
"It's an okay app, does the job but has some minor bugs.",3,Neutral
"Delivery was on time, but the map tracking was a bit glitchy.",3,Neutral
"The food was okay, nothing special but delivery was on time.",3,Neutral
"The restaurant forgot the extra tissues, but the main meal was fine.",3,Neutral
"Fairly priced food, but the delivery fee is a bit high.",3,Neutral
"The food was okay, nothing special but delivery was late.",3,Neutral
"Standard delivery, no issues but no surprises either.",3,Neutral
"The food was okay, nothing special but delivery was right when expected.",3,Neutral
"The restaurant forgot the extra tissues, but the main meal was fine.",3,Neutral
"Decent variety of restaurants, but many are currently unavailable.",3,Neutral
"The food was okay, nothing special but delivery was on time.",3,Neutral
"Decent variety of restaurants, but many are currently unavailable.",3,Neutral
"The food was okay, nothing special but delivery was early.",3,Neutral
Average experience. The Pizza was decent but could be better.,3,Neutral
"Standard delivery, no issues but no surprises either.",3,Neutral
"It's an okay app, does the job but has some minor bugs.",3,Neutral
"The Dessert was good, however the portion size was a bit small.",3,Neutral
"Delivery was on time, but the map tracking was a bit glitchy.",3,Neutral
"The food was okay, nothing special but delivery was on time.",3,Neutral
"Standard delivery, no issues but no surprises either.",3,Neutral
"The restaurant forgot the extra spoons, but the main meal was fine.",3,Neutral
Everything was fine but the delivery partner took a while to find the building.,3,Neutral
"The Sandwich was good, however the portion size was a bit small.",3,Neutral
Everything was fine but the delivery partner took a while to find the gate.,3,Neutral
Everything was fine but the delivery partner took a while to find the building.,3,Neutral
"The Pizza was good, however the portion size was a bit small.",3,Neutral
Average experience. The Sandwich was decent but could be better.,3,Neutral
"The restaurant forgot the extra tissues, but the main meal was fine.",3,Neutral
Average experience. The Cold Coffee was decent but could be better.,3,Neutral
"Fairly priced food, but the delivery fee is a bit high.",3,Neutral
"It's an okay app, does the job but has some minor bugs.",3,Neutral
"Decent variety of restaurants, but many are currently unavailable.",3,Neutral
"The restaurant forgot the extra ketchup, but the main meal was fine.",3,Neutral
"The food was okay, nothing special but delivery was right when expected.",3,Neutral
"The restaurant forgot the extra spoons, but the main meal was fine.",3,Neutral
Everything was fine but the delivery partner took a while to find the landmark.,3,Neutral
"Decent variety of restaurants, but many are currently unavailable.",3,Neutral
Average experience. The Salad was decent but could be better.,3,Neutral
"The restaurant forgot the extra spoons, but the main meal was fine.",3,Neutral
"The restaurant forgot the extra ketchup, but the main meal was fine.",3,Neutral
"Standard delivery, no issues but no surprises either.",3,Neutral
"The food was okay, nothing special but delivery was delayed.",3,Neutral
Everything was fine but the delivery partner took a while to find the gate.,3,Neutral
"The Pizza was good, however the portion size was a bit small.",3,Neutral
"Fairly priced food, but the delivery fee is a bit high.",3,Neutral
"Delivery was on time, but the map tracking was a bit glitchy.",3,Neutral
"Decent variety of restaurants, but many are currently unavailable.",3,Neutral
Everything was fine but the delivery partner took a while to find the apartment.,3,Neutral
"Standard delivery, no issues but no surprises either.",3,Neutral
Average experience. The Pizza was decent but could be better.,3,Neutral
"Fairly priced food, but the delivery fee is a bit high.",3,Neutral
"Delivery was on time, but the map tracking was a bit glitchy.",3,Neutral
Everything was fine but the delivery partner took a while to find the gate.,3,Neutral
"Decent variety of restaurants, but many are currently unavailable.",3,Neutral
"Fairly priced food, but the delivery fee is a bit high.",3,Neutral
"It's an okay app, does the job but has some minor bugs.",3,Neutral
"Decent variety of restaurants, but many are currently unavailable.",3,Neutral
"Standard delivery, no issues but no surprises either.",3,Neutral
"The restaurant forgot the extra oregano, but the main meal was fine.",3,Neutral
"Standard delivery, no issues but no surprises either.",3,Neutral
Average experience. The Salad was decent but could be better.,3,Neutral
"Fairly priced food, but the delivery fee is a bit high.",3,Neutral
"It's an okay app, does the job but has some minor bugs.",3,Neutral
"It's an okay app, does the job but has some minor bugs.",3,Neutral
Average experience. The Pizza was decent but could be better.,3,Neutral
"The food was okay, nothing special but delivery was on time.",3,Neutral
Everything was fine but the delivery partner took a while to find the building.,3,Neutral
"Delivery was on time, but the map tracking was a bit glitchy.",3,Neutral
"Decent variety of restaurants, but many are currently unavailable.",3,Neutral
"Fairly priced food, but the delivery fee is a bit high.",3,Neutral
"It's an okay app, does the job but has some minor bugs.",3,Neutral
"The Pizza was good, however the portion size was a bit small.",3,Neutral
"Standard delivery, no issues but no surprises either.",3,Neutral
"Delivery was on time, but the map tracking was a bit glitchy.",3,Neutral
"Decent variety of restaurants, but many are currently unavailable.",3,Neutral
"Fairly priced food, but the delivery fee is a bit high.",3,Neutral
"It's an okay app, does the job but has some minor bugs.",3,Neutral
"The food was okay, nothing special but delivery was late.",3,Neutral
"Standard delivery, no issues but no surprises either.",3,Neutral
"It's an okay app, does the job but has some minor bugs.",3,Neutral
"The restaurant forgot the extra oregano, but the main meal was fine.",3,Neutral
Average experience. The Salad was decent but could be better.,3,Neutral
"Standard delivery, no issues but no surprises either.",3,Neutral
"Fairly priced food, but the delivery fee is a bit high.",3,Neutral
"Decent variety of restaurants, but many are currently unavailable.",3,Neutral
"The food was okay, nothing special but delivery was right when expected.",3,Neutral
"Fairly priced food, but the delivery fee is a bit high.",3,Neutral
"Fairly priced food, but the delivery fee is a bit high.",3,Neutral
"It's an okay app, does the job but has some minor bugs.",3,Neutral
Average experience. The Dosa was decent but could be better.,3,Neutral
"The food was okay, nothing special but delivery was late.",3,Neutral
"Fairly priced food, but the delivery fee is a bit high.",3,Neutral
Average experience. The Cold Coffee was decent but could be better.,3,Neutral
"The food was okay, nothing special but delivery was late.",3,Neutral
"Fairly priced food, but the delivery fee is a bit high.",3,Neutral
"The restaurant forgot the extra tissues, but the main meal was fine.",3,Neutral
"Decent variety of restaurants, but many are currently unavailable.",3,Neutral
"It's an okay app, does the job but has some minor bugs.",3,Neutral
Everything was fine but the delivery partner took a while to find the landmark.,3,Neutral
Everything was fine but the delivery partner took a while to find the gate.,3,Neutral
"The restaurant forgot the extra oregano, but the main meal was fine.",3,Neutral
"Delivery was on time, but the map tracking was a bit glitchy.",3,Neutral
Average experience. The Dessert was decent but could be better.,3,Neutral
Average experience. The Pasta was decent but could be better.,3,Neutral
"The food was okay, nothing special but delivery was right when expected.",3,Neutral
Average experience. The Pasta was decent but could be better.,3,Neutral
"Decent variety of restaurants, but many are currently unavailable.",3,Neutral
"The restaurant forgot the extra ketchup, but the main meal was fine.",3,Neutral
"The food was okay, nothing special but delivery was early.",3,Neutral
"It's an okay app, does the job but has some minor bugs.",3,Neutral
Average experience. The Cold Coffee was decent but could be better.,3,Neutral
"Decent variety of restaurants, but many are currently unavailable.",3,Neutral
"It's an okay app, does the job but has some minor bugs.",3,Neutral
Average experience. The Salad was decent but could be better.,3,Neutral
"The food was okay, nothing special but delivery was early.",3,Neutral
"The Dessert was good, however the portion size was a bit small.",3,Neutral
"Standard delivery, no issues but no surprises either.",3,Neutral
"Fairly priced food, but the delivery fee is a bit high.",3,Neutral
"The restaurant forgot the extra spoons, but the main meal was fine.",3,Neutral
Average experience. The Biryani was decent but could be better.,3,Neutral
"The Pizza was good, however the portion size was a bit small.",3,Neutral
"Fairly priced food, but the delivery fee is a bit high.",3,Neutral
Average experience. The Salad was decent but could be better.,3,Neutral
"The food was okay, nothing special but delivery was early.",3,Neutral
Average experience. The Sandwich was decent but could be better.,3,Neutral
"Delivery was on time, but the map tracking was a bit glitchy.",3,Neutral
"The restaurant forgot the extra oregano, but the main meal was fine.",3,Neutral
"Standard delivery, no issues but no surprises either.",3,Neutral
"It's an okay app, does the job but has some minor bugs.",3,Neutral
"Delivery was on time, but the map tracking was a bit glitchy.",3,Neutral
"Standard delivery, no issues but no surprises either.",3,Neutral
Everything was fine but the delivery partner took a while to find the landmark.,3,Neutral
Average experience. The Dosa was decent but could be better.,3,Neutral
"Decent variety of restaurants, but many are currently unavailable.",3,Neutral
"Delivery was on time, but the map tracking was a bit glitchy.",3,Neutral
"The food was okay, nothing special but delivery was delayed.",3,Neutral
Average experience. The Biryani was decent but could be better.,3,Neutral
"The food was okay, nothing special but delivery was right when expected.",3,Neutral
Everything was fine but the delivery partner took a while to find the apartment.,3,Neutral
"Decent variety of restaurants, but many are currently unavailable.",3,Neutral
"Fairly priced food, but the delivery fee is a bit high.",3,Neutral
"Delivery was on time, but the map tracking was a bit glitchy.",3,Neutral
"The Dessert was good, however the portion size was a bit small.",3,Neutral
"The Sandwich was good, however the portion size was a bit small.",3,Neutral
Everything was fine but the delivery partner took a while to find the building.,3,Neutral
"Decent variety of restaurants, but many are currently unavailable.",3,Neutral
Everything was fine but the delivery partner took a while to find the building.,3,Neutral
"The food was okay, nothing special but delivery was early.",3,Neutral
Average experience. The Dosa was decent but could be better.,3,Neutral
"It's an okay app, does the job but has some minor bugs.",3,Neutral
"Delivery was on time, but the map tracking was a bit glitchy.",3,Neutral
Everything was fine but the delivery partner took a while to find the landmark.,3,Neutral
"Decent variety of restaurants, but many are currently unavailable.",3,Neutral
Everything was fine but the delivery partner took a while to find the landmark.,3,Neutral
"Decent variety of restaurants, but many are currently unavailable.",3,Neutral
Average experience. The Sandwich was decent but could be better.,3,Neutral
"Decent variety of restaurants, but many are currently unavailable.",3,Neutral
"Standard delivery, no issues but no surprises either.",3,Neutral
"Decent variety of restaurants, but many are currently unavailable.",3,Neutral
"Standard delivery, no issues but no surprises either.",3,Neutral
"Fairly priced food, but the delivery fee is a bit high.",3,Neutral
"Fairly priced food, but the delivery fee is a bit high.",3,Neutral
"Fairly priced food, but the delivery fee is a bit high.",3,Neutral
"The food was okay, nothing special but delivery was delayed.",3,Neutral
"The restaurant forgot the extra tissues, but the main meal was fine.",3,Neutral
"The Salad was good, however the portion size was a bit small.",3,Neutral
"Decent variety of restaurants, but many are currently unavailable.",3,Neutral
"The food was okay, nothing special but delivery was delayed.",3,Neutral
"Delivery was on time, but the map tracking was a bit glitchy.",3,Neutral
"Standard delivery, no issues but no surprises either.",3,Neutral
"Fairly priced food, but the delivery fee is a bit high.",3,Neutral
"Standard delivery, no issues but no surprises either.",3,Neutral
"The food was okay, nothing special but delivery was on time.",3,Neutral
Average experience. The Sandwich was decent but could be better.,3,Neutral
"Delivery was on time, but the map tracking was a bit glitchy.",3,Neutral
Average experience. The Sandwich was decent but could be better.,3,Neutral
Everything was fine but the delivery partner took a while to find the apartment.,3,Neutral
"The Sandwich was good, however the portion size was a bit small.",3,Neutral
"The food was okay, nothing special but delivery was delayed.",3,Neutral
"Fairly priced food, but the delivery fee is a bit high.",3,Neutral
"The food was okay, nothing special but delivery was on time.",3,Neutral
"The food was okay, nothing special but delivery was late.",3,Neutral
"The Sandwich was good, however the portion size was a bit small.",3,Neutral
"Decent variety of restaurants, but many are currently unavailable.",3,Neutral
"The restaurant forgot the extra ketchup, but the main meal was fine.",3,Neutral
Everything was fine but the delivery partner took a while to find the building.,3,Neutral
"The restaurant forgot the extra spoons, but the main meal was fine.",3,Neutral
"The restaurant forgot the extra oregano, but the main meal was fine.",3,Neutral
"Decent variety of restaurants, but many are currently unavailable.",3,Neutral
Everything was fine but the delivery partner took a while to find the apartment.,3,Neutral
"It's an okay app, does the job but has some minor bugs.",3,Neutral
"Fairly priced food, but the delivery fee is a bit high.",3,Neutral
Average experience. The Pizza was decent but could be better.,3,Neutral
Average experience. The Dosa was decent but could be better.,3,Neutral
"Decent variety of restaurants, but many are currently unavailable.",3,Neutral
"The food was okay, nothing special but delivery was on time.",3,Neutral
"Standard delivery, no issues but no surprises either.",3,Neutral
"Fairly priced food, but the delivery fee is a bit high.",3,Neutral
"The Biryani was good, however the portion size was a bit small.",3,Neutral
"Fairly priced food, but the delivery fee is a bit high.",3,Neutral
"Standard delivery, no issues but no surprises either.",3,Neutral
Average experience. The Salad was decent but could be better.,3,Neutral
"Fairly priced food, but the delivery fee is a bit high.",3,Neutral
"The restaurant forgot the extra ketchup, but the main meal was fine.",3,Neutral
Average experience. The Pasta was decent but could be better.,3,Neutral
"The restaurant forgot the extra spoons, but the main meal was fine.",3,Neutral
"The restaurant forgot the extra tissues, but the main meal was fine.",3,Neutral
"Delivery was on time, but the map tracking was a bit glitchy.",3,Neutral
"The Pasta was good, however the portion size was a bit small.",3,Neutral
"The Salad was good, however the portion size was a bit small.",3,Neutral
Everything was fine but the delivery partner took a while to find the apartment.,3,Neutral
Everything was fine but the delivery partner took a while to find the building.,3,Neutral
"Fairly priced food, but the delivery fee is a bit high.",3,Neutral
"Decent variety of restaurants, but many are currently unavailable.",3,Neutral
"Decent variety of restaurants, but many are currently unavailable.",3,Neutral
"Fairly priced food, but the delivery fee is a bit high.",3,Neutral
"The food was okay, nothing special but delivery was early.",3,Neutral
"Delivery was on time, but the map tracking was a bit glitchy.",3,Neutral
Average experience. The Sandwich was decent but could be better.,3,Neutral
Everything was fine but the delivery partner took a while to find the gate.,3,Neutral
"The Pizza was good, however the portion size was a bit small.",3,Neutral
"The Salad was good, however the portion size was a bit small.",3,Neutral
"Delivery was on time, but the map tracking was a bit glitchy.",3,Neutral
"The Salad was good, however the portion size was a bit small.",3,Neutral
"It's an okay app, does the job but has some minor bugs.",3,Neutral
"The food was okay, nothing special but delivery was late.",3,Neutral
"Standard delivery, no issues but no surprises either.",3,Neutral
"The food was okay, nothing special but delivery was delayed.",3,Neutral
"Standard delivery, no issues but no surprises either.",3,Neutral
"The food was okay, nothing special but delivery was on time.",3,Neutral
Everything was fine but the delivery partner took a while to find the apartment.,3,Neutral
"The Dosa was good, however the portion size was a bit small.",3,Neutral
"Fairly priced food, but the delivery fee is a bit high.",3,Neutral
"Standard delivery, no issues but no surprises either.",3,Neutral
"Standard delivery, no issues but no surprises either.",3,Neutral
"Standard delivery, no issues but no surprises either.",3,Neutral
"Decent variety of restaurants, but many are currently unavailable.",3,Neutral
Everything was fine but the delivery partner took a while to find the gate.,3,Neutral
"The Dosa was good, however the portion size was a bit small.",3,Neutral
"Delivery was on time, but the map tracking was a bit glitchy.",3,Neutral
"The food was okay, nothing special but delivery was on time.",3,Neutral
"The food was okay, nothing special but delivery was right when expected.",3,Neutral
"Fairly priced food, but the delivery fee is a bit high.",3,Neutral
"The restaurant forgot the extra ketchup, but the main meal was fine.",3,Neutral
Everything was fine but the delivery partner took a while to find the gate.,3,Neutral
"The restaurant forgot the extra oregano, but the main meal was fine.",3,Neutral
Everything was fine but the delivery partner took a while to find the building.,3,Neutral
"It's an okay app, does the job but has some minor bugs.",3,Neutral
"Standard delivery, no issues but no surprises either.",3,Neutral
"The Dosa was good, however the portion size was a bit small.",3,Neutral
"Fairly priced food, but the delivery fee is a bit high.",3,Neutral
"Decent variety of restaurants, but many are currently unavailable.",3,Neutral
"Fairly priced food, but the delivery fee is a bit high.",3,Neutral
Average experience. The Salad was decent but could be better.,3,Neutral
"Fairly priced food, but the delivery fee is a bit high.",3,Neutral
Average experience. The Pizza was decent but could be better.,3,Neutral
"Fairly priced food, but the delivery fee is a bit high.",3,Neutral
"The Salad was good, however the portion size was a bit small.",3,Neutral
"Decent variety of restaurants, but many are currently unavailable.",3,Neutral
"Fairly priced food, but the delivery fee is a bit high.",3,Neutral
Everything was fine but the delivery partner took a while to find the apartment.,3,Neutral
"It's an okay app, does the job but has some minor bugs.",3,Neutral
"It's an okay app, does the job but has some minor bugs.",3,Neutral
"Decent variety of restaurants, but many are currently unavailable.",3,Neutral
Average experience. The Dosa was decent but could be better.,3,Neutral
Average experience. The Biryani was decent but could be better.,3,Neutral
"The food was okay, nothing special but delivery was right when expected.",3,Neutral
"Decent variety of restaurants, but many are currently unavailable.",3,Neutral
Everything was fine but the delivery partner took a while to find the apartment.,3,Neutral
"The restaurant forgot the extra spoons, but the main meal was fine.",3,Neutral
Average experience. The Dosa was decent but could be better.,3,Neutral
"Standard delivery, no issues but no surprises either.",3,Neutral
"Delivery was on time, but the map tracking was a bit glitchy.",3,Neutral
"Fairly priced food, but the delivery fee is a bit high.",3,Neutral
Average experience. The Biryani was decent but could be better.,3,Neutral
"Fairly priced food, but the delivery fee is a bit high.",3,Neutral
"It's an okay app, does the job but has some minor bugs.",3,Neutral
"The food was okay, nothing special but delivery was delayed.",3,Neutral
Everything was fine but the delivery partner took a while to find the landmark.,3,Neutral
"The Sandwich was good, however the portion size was a bit small.",3,Neutral
"Decent variety of restaurants, but many are currently unavailable.",3,Neutral
"Standard delivery, no issues but no surprises either.",3,Neutral
"The restaurant forgot the extra oregano, but the main meal was fine.",3,Neutral
"Decent variety of restaurants, but many are currently unavailable.",3,Neutral
"Standard delivery, no issues but no surprises either.",3,Neutral
Everything was fine but the delivery partner took a while to find the landmark.,3,Neutral
"Decent variety of restaurants, but many are currently unavailable.",3,Neutral
Average experience. The Salad was decent but could be better.,3,Neutral
Everything was fine but the delivery partner took a while to find the building.,3,Neutral
"The food was okay, nothing special but delivery was right when expected.",3,Neutral
Average experience. The Cold Coffee was decent but could be better.,3,Neutral
"The restaurant forgot the extra spoons, but the main meal was fine.",3,Neutral
"Decent variety of restaurants, but many are currently unavailable.",3,Neutral
"Standard delivery, no issues but no surprises either.",3,Neutral
"The restaurant forgot the extra oregano, but the main meal was fine.",3,Neutral
"Fairly priced food, but the delivery fee is a bit high.",3,Neutral
"The Salad was good, however the portion size was a bit small.",3,Neutral
"Fairly priced food, but the delivery fee is a bit high.",3,Neutral
"It's an okay app, does the job but has some minor bugs.",3,Neutral
Average experience. The Pizza was decent but could be better.,3,Neutral
"Delivery was on time, but the map tracking was a bit glitchy.",3,Neutral
"It's an okay app, does the job but has some minor bugs.",3,Neutral
Average experience. The Salad was decent but could be better.,3,Neutral
"Decent variety of restaurants, but many are currently unavailable.",3,Neutral
"It's an okay app, does the job but has some minor bugs.",3,Neutral
"Delivery was on time, but the map tracking was a bit glitchy.",3,Neutral
"Decent variety of restaurants, but many are currently unavailable.",3,Neutral
Everything was fine but the delivery partner took a while to find the apartment.,3,Neutral
"It's an okay app, does the job but has some minor bugs.",3,Neutral
"Fairly priced food, but the delivery fee is a bit high.",3,Neutral
"Delivery was on time, but the map tracking was a bit glitchy.",3,Neutral
Average experience. The Pizza was decent but could be better.,3,Neutral
"It's an okay app, does the job but has some minor bugs.",3,Neutral
Everything was fine but the delivery partner took a while to find the apartment.,3,Neutral
"Decent variety of restaurants, but many are currently unavailable.",3,Neutral
"The Dessert was good, however the portion size was a bit small.",3,Neutral
Everything was fine but the delivery partner took a while to find the landmark.,3,Neutral
"The food was okay, nothing special but delivery was late.",3,Neutral
Everything was fine but the delivery partner took a while to find the building.,3,Neutral
"The restaurant forgot the extra spoons, but the main meal was fine.",3,Neutral
"It's an okay app, does the job but has some minor bugs.",3,Neutral
"Standard delivery, no issues but no surprises either.",3,Neutral
"It's an okay app, does the job but has some minor bugs.",3,Neutral
"Decent variety of restaurants, but many are currently unavailable.",3,Neutral
"Decent variety of restaurants, but many are currently unavailable.",3,Neutral
"Standard delivery, no issues but no surprises either.",3,Neutral
Average experience. The Dessert was decent but could be better.,3,Neutral
"Standard delivery, no issues but no surprises either.",3,Neutral
"It's an okay app, does the job but has some minor bugs.",3,Neutral
"Fairly priced food, but the delivery fee is a bit high.",3,Neutral
"It's an okay app, does the job but has some minor bugs.",3,Neutral
"Fairly priced food, but the delivery fee is a bit high.",3,Neutral
"The Cold Coffee was good, however the portion size was a bit small.",3,Neutral
"The restaurant forgot the extra spoons, but the main meal was fine.",3,Neutral
"The Cold Coffee was good, however the portion size was a bit small.",3,Neutral
"The food was okay, nothing special but delivery was on time.",3,Neutral
Average experience. The Dessert was decent but could be better.,3,Neutral
"The restaurant forgot the extra tissues, but the main meal was fine.",3,Neutral
"It's an okay app, does the job but has some minor bugs.",3,Neutral
"Standard delivery, no issues but no surprises either.",3,Neutral
Average experience. The Sandwich was decent but could be better.,3,Neutral
"Fairly priced food, but the delivery fee is a bit high.",3,Neutral
"The restaurant forgot the extra spoons, but the main meal was fine.",3,Neutral
"Standard delivery, no issues but no surprises either.",3,Neutral
"It's an okay app, does the job but has some minor bugs.",3,Neutral
"The food was okay, nothing special but delivery was late.",3,Neutral
"The Salad was good, however the portion size was a bit small.",3,Neutral
"The Biryani was good, however the portion size was a bit small.",3,Neutral
Average experience. The Salad was decent but could be better.,3,Neutral
Average experience. The Biryani was decent but could be better.,3,Neutral
"The restaurant forgot the extra ketchup, but the main meal was fine.",3,Neutral
"The Pizza was good, however the portion size was a bit small.",3,Neutral
"The restaurant forgot the extra tissues, but the main meal was fine.",3,Neutral
"Decent variety of restaurants, but many are currently unavailable.",3,Neutral
Average experience. The Salad was decent but could be better.,3,Neutral
Everything was fine but the delivery partner took a while to find the building.,3,Neutral
"Fairly priced food, but the delivery fee is a bit high.",3,Neutral
Everything was fine but the delivery partner took a while to find the building.,3,Neutral
"Highly recommend ordering from here, the Pizza is a must-try. 😊",4,Positive
Seamless payment experience and the live tracking is very accurate. 😍,4,Positive
Delivery was early and the food quality was top-notch. 💕,4,Positive
Super fast delivery! The Pasta was still piping hot. 👌,4,Positive
"I love the new UI, it's so easy to find my favorite North Indian restaurants. 😍",5,Positive
Great experience! The packaging was perfect and no spills. ❤️,4,Positive
Excellent service. The delivery partner was very efficient. 🙌,5,Positive
The food from Pizza Corner was absolutely delicious and arrived right when expected. 😊,5,Positive
Great experience! The packaging was perfect and no spills. ❤️,4,Positive
"I love the new UI, it's so easy to find my favorite Italian restaurants. 😍",5,Positive
Best Dessert I've had in a while. Swiggy never disappoints. 👍,4,Positive
The food from South Indian Express was absolutely delicious and arrived early. 😊,5,Positive
Seamless payment experience and the live tracking is very accurate. 😍,4,Positive
"Highly recommend ordering from here, the Dosa is a must-try. 😊",5,Positive
The food from South Indian Express was absolutely delicious and arrived delayed. 😊,4,Positive
"The discount coupon worked perfectly, saved quite a bit! 🤣",4,Positive
Best Dessert I've had in a while. Swiggy never disappoints. 👍,4,Positive
Great experience! The packaging was perfect and no spills. ❤️,4,Positive
"The discount coupon worked perfectly, saved quite a bit! 🤣",4,Positive
"I love the new UI, it's so easy to find my favorite Dessert restaurants. 😍",4,Positive
Super fast delivery! The Sandwich was still piping hot. 👌,4,Positive
Best Dessert I've had in a while. Swiggy never disappoints. 👍,5,Positive
Super fast delivery! The Dessert was still piping hot. 👌,5,Positive
"I love the new UI, it's so easy to find my favorite Italian restaurants. 😍",4,Positive
Best Dosa I've had in a while. Swiggy never disappoints. 👍,5,Positive
Delivery was late and the food quality was top-notch. 💕,4,Positive
Great experience! The packaging was perfect and no spills. ❤️,5,Positive
Seamless payment experience and the live tracking is very accurate. 😍,4,Positive
Best Sandwich I've had in a while. Swiggy never disappoints. 👍,4,Positive
Excellent service. The delivery partner was very professional. 🙌,5,Positive
Delivery was early and the food quality was top-notch. 💕,5,Positive
Great experience! The packaging was perfect and no spills. ❤️,5,Positive
"I love the new UI, it's so easy to find my favorite North Indian restaurants. 😍",4,Positive
Excellent service. The delivery partner was very polite. 🙌,4,Positive
Great experience! The packaging was perfect and no spills. ❤️,5,Positive
Super fast delivery! The Pizza was still piping hot. 👌,4,Positive
Delivery was late and the food quality was top-notch. 💕,4,Positive
Excellent service. The delivery partner was very friendly. 🙌,4,Positive
Seamless payment experience and the live tracking is very accurate. 😍,4,Positive
"The discount coupon worked perfectly, saved quite a bit! 🤣",4,Positive
"The discount coupon worked perfectly, saved quite a bit! 🤣",5,Positive
Super fast delivery! The Dessert was still piping hot. 👌,4,Positive
Best Cold Coffee I've had in a while. Swiggy never disappoints. 👍,5,Positive
Delivery was delayed and the food quality was top-notch. 💕,4,Positive
Super fast delivery! The Dessert was still piping hot. 👌,5,Positive
Seamless payment experience and the live tracking is very accurate. 😍,4,Positive
Delivery was early and the food quality was top-notch. 💕,4,Positive
"I love the new UI, it's so easy to find my favorite Italian restaurants. 😍",4,Positive
Delivery was late and the food quality was top-notch. 💕,4,Positive
Super fast delivery! The Pizza was still piping hot. 👌,5,Positive
"Highly recommend ordering from here, the Sandwich is a must-try. 😊",5,Positive
Delivery was right when expected and the food quality was top-notch. 💕,5,Positive
Delivery was right when expected and the food quality was top-notch. 💕,4,Positive
Excellent service. The delivery partner was very professional. 🙌,5,Positive
Super fast delivery! The Salad was still piping hot. 👌,5,Positive
Delivery was delayed and the food quality was top-notch. 💕,4,Positive
Seamless payment experience and the live tracking is very accurate. 😍,5,Positive
"The discount coupon worked perfectly, saved quite a bit! 🤣",5,Positive
"Highly recommend ordering from here, the Biryani is a must-try. 😊",5,Positive
"I love the new UI, it's so easy to find my favorite Italian restaurants. 😍",4,Positive
"I love the new UI, it's so easy to find my favorite Dessert restaurants. 😍",4,Positive
"The discount coupon worked perfectly, saved quite a bit! 🤣",4,Positive
Seamless payment experience and the live tracking is very accurate. 😍,4,Positive
"The discount coupon worked perfectly, saved quite a bit! 🤣",4,Positive
Seamless payment experience and the live tracking is very accurate. 😍,4,Positive
Seamless payment experience and the live tracking is very accurate. 😍,4,Positive
Seamless payment experience and the live tracking is very accurate. 😍,5,Positive
Best Pizza I've had in a while. Swiggy never disappoints. 👍,4,Positive
The food from Healthy Bowls was absolutely delicious and arrived early. 😊,4,Positive
"The discount coupon worked perfectly, saved quite a bit! 🤣",5,Positive
"The discount coupon worked perfectly, saved quite a bit! 🤣",4,Positive
Great experience! The packaging was perfect and no spills. ❤️,5,Positive
Great experience! The packaging was perfect and no spills. ❤️,4,Positive
Super fast delivery! The Cold Coffee was still piping hot. 👌,4,Positive
Seamless payment experience and the live tracking is very accurate. 😍,5,Positive
Seamless payment experience and the live tracking is very accurate. 😍,4,Positive
"Highly recommend ordering from here, the Cold Coffee is a must-try. 😊",4,Positive
Seamless payment experience and the live tracking is very accurate. 😍,5,Positive
The food from Biryani House was absolutely delicious and arrived delayed. 😊,5,Positive
"The discount coupon worked perfectly, saved quite a bit! 🤣",4,Positive
The food from Burger King was absolutely delicious and arrived delayed. 😊,4,Positive
Super fast delivery! The Salad was still piping hot. 👌,4,Positive
"I love the new UI, it's so easy to find my favorite Chinese restaurants. 😍",5,Positive
"The discount coupon worked perfectly, saved quite a bit! 🤣",5,Positive
Excellent service. The delivery partner was very efficient. 🙌,5,Positive
Delivery was on time and the food quality was top-notch. 💕,4,Positive
Best Dosa I've had in a while. Swiggy never disappoints. 👍,5,Positive
Great experience! The packaging was perfect and no spills. ❤️,4,Positive
Seamless payment experience and the live tracking is very accurate. 😍,4,Positive
Seamless payment experience and the live tracking is very accurate. 😍,5,Positive
The food from Pizza Corner was absolutely delicious and arrived on time. 😊,4,Positive
Excellent service. The delivery partner was very professional. 🙌,5,Positive
Great experience! The packaging was perfect and no spills. ❤️,5,Positive
Best Cold Coffee I've had in a while. Swiggy never disappoints. 👍,5,Positive
Seamless payment experience and the live tracking is very accurate. 😍,4,Positive
Great experience! The packaging was perfect and no spills. ❤️,4,Positive
The food from Pizza Corner was absolutely delicious and arrived right when expected. 😊,4,Positive
"The discount coupon worked perfectly, saved quite a bit! 🤣",5,Positive
The food from South Indian Express was absolutely delicious and arrived on time. 😊,5,Positive
Best Dessert I've had in a while. Swiggy never disappoints. 👍,4,Positive
Seamless payment experience and the live tracking is very accurate. 😍,4,Positive
Seamless payment experience and the live tracking is very accurate. 😍,5,Positive
"The discount coupon worked perfectly, saved quite a bit! 🤣",4,Positive
The food from Biryani House was absolutely delicious and arrived delayed. 😊,5,Positive
Best Dosa I've had in a while. Swiggy never disappoints. 👍,5,Positive
Delivery was right when expected and the food quality was top-notch. 💕,5,Positive
Great experience! The packaging was perfect and no spills. ❤️,4,Positive
Great experience! The packaging was perfect and no spills. ❤️,5,Positive
Great experience! The packaging was perfect and no spills. ❤️,4,Positive
Delivery was on time and the food quality was top-notch. 💕,5,Positive
The food from Healthy Bowls was absolutely delicious and arrived on time. 😊,5,Positive
"Highly recommend ordering from here, the Pizza is a must-try. 😊",4,Positive
"Highly recommend ordering from here, the Dessert is a must-try. 😊",4,Positive
"I love the new UI, it's so easy to find my favorite Italian restaurants. 😍",4,Positive
Great experience! The packaging was perfect and no spills. ❤️,4,Positive
The food from Taco Town was absolutely delicious and arrived early. 😊,5,Positive
"I love the new UI, it's so easy to find my favorite Italian restaurants. 😍",4,Positive
Great experience! The packaging was perfect and no spills. ❤️,5,Positive
Seamless payment experience and the live tracking is very accurate. 😍,5,Positive
"Highly recommend ordering from here, the Sandwich is a must-try. 😊",5,Positive
"The discount coupon worked perfectly, saved quite a bit! 🤣",4,Positive
Best Cold Coffee I've had in a while. Swiggy never disappoints. 👍,4,Positive
Super fast delivery! The Biryani was still piping hot. 👌,5,Positive
"I love the new UI, it's so easy to find my favorite Continental restaurants. 😍",5,Positive
"I love the new UI, it's so easy to find my favorite North Indian restaurants. 😍",4,Positive
"Highly recommend ordering from here, the Biryani is a must-try. 😊",4,Positive
"Highly recommend ordering from here, the Pizza is a must-try. 😊",4,Positive
"The discount coupon worked perfectly, saved quite a bit! 🤣",4,Positive
Great experience! The packaging was perfect and no spills. ❤️,5,Positive
"The discount coupon worked perfectly, saved quite a bit! 🤣",5,Positive
Super fast delivery! The Sandwich was still piping hot. 👌,4,Positive
Great experience! The packaging was perfect and no spills. ❤️,5,Positive
Best Dessert I've had in a while. Swiggy never disappoints. 👍,4,Positive
Excellent service. The delivery partner was very friendly. 🙌,5,Positive
Excellent service. The delivery partner was very friendly. 🙌,5,Positive
Seamless payment experience and the live tracking is very accurate. 😍,5,Positive
Best Dosa I've had in a while. Swiggy never disappoints. 👍,4,Positive
"The discount coupon worked perfectly, saved quite a bit! 🤣",5,Positive
Great experience! The packaging was perfect and no spills. ❤️,5,Positive
"The discount coupon worked perfectly, saved quite a bit! 🤣",5,Positive
The food from Healthy Bowls was absolutely delicious and arrived right when expected. 😊,5,Positive
Best Pasta I've had in a while. Swiggy never disappoints. 👍,4,Positive
Seamless payment experience and the live tracking is very accurate. 😍,4,Positive
Super fast delivery! The Sandwich was still piping hot. 👌,4,Positive
Great experience! The packaging was perfect and no spills. ❤️,4,Positive
Excellent service. The delivery partner was very friendly. 🙌,5,Positive
"The discount coupon worked perfectly, saved quite a bit! 🤣",4,Positive
Excellent service. The delivery partner was very friendly. 🙌,5,Positive
Delivery was late and the food quality was top-notch. 💕,4,Positive
The food from Burger King was absolutely delicious and arrived early. 😊,4,Positive
Excellent service. The delivery partner was very polite. 🙌,4,Positive
Best Pasta I've had in a while. Swiggy never disappoints. 👍,5,Positive
Super fast delivery! The Cold Coffee was still piping hot. 👌,5,Positive
Excellent service. The delivery partner was very helpful. 🙌,4,Positive
"The discount coupon worked perfectly, saved quite a bit! 🤣",4,Positive
Seamless payment experience and the live tracking is very accurate. 😍,5,Positive
The food from Burger King was absolutely delicious and arrived delayed. 😊,5,Positive
Seamless payment experience and the live tracking is very accurate. 😍,4,Positive
Delivery was on time and the food quality was top-notch. 💕,5,Positive
"Highly recommend ordering from here, the Sandwich is a must-try. 😊",5,Positive
Excellent service. The delivery partner was very efficient. 🙌,5,Positive
Excellent service. The delivery partner was very polite. 🙌,5,Positive
Super fast delivery! The Dessert was still piping hot. 👌,5,Positive
"I love the new UI, it's so easy to find my favorite North Indian restaurants. 😍",5,Positive
The food from South Indian Express was absolutely delicious and arrived early. 😊,5,Positive
Excellent service. The delivery partner was very friendly. 🙌,5,Positive
Seamless payment experience and the live tracking is very accurate. 😍,5,Positive
"The discount coupon worked perfectly, saved quite a bit! 🤣",5,Positive
Delivery was late and the food quality was top-notch. 💕,4,Positive
The food from Taco Town was absolutely delicious and arrived early. 😊,5,Positive
"Highly recommend ordering from here, the Pizza is a must-try. 😊",4,Positive
"I love the new UI, it's so easy to find my favorite North Indian restaurants. 😍",4,Positive
"The discount coupon worked perfectly, saved quite a bit! 🤣",4,Positive
"The discount coupon worked perfectly, saved quite a bit! 🤣",5,Positive
"Highly recommend ordering from here, the Pizza is a must-try. 😊",4,Positive
"Highly recommend ordering from here, the Pasta is a must-try. 😊",4,Positive
Delivery was early and the food quality was top-notch. 💕,4,Positive
Best Pasta I've had in a while. Swiggy never disappoints. 👍,4,Positive
Excellent service. The delivery partner was very efficient. 🙌,5,Positive
Great experience! The packaging was perfect and no spills. ❤️,4,Positive
"Highly recommend ordering from here, the Pasta is a must-try. 😊",5,Positive
"I love the new UI, it's so easy to find my favorite Chinese restaurants. 😍",4,Positive
Super fast delivery! The Dessert was still piping hot. 👌,5,Positive
The food from Pizza Corner was absolutely delicious and arrived early. 😊,5,Positive
"Highly recommend ordering from here, the Pasta is a must-try. 😊",4,Positive
"I love the new UI, it's so easy to find my favorite Dessert restaurants. 😍",4,Positive
Great experience! The packaging was perfect and no spills. ❤️,4,Positive
Super fast delivery! The Pizza was still piping hot. 👌,5,Positive
Delivery was delayed and the food quality was top-notch. 💕,4,Positive
"Highly recommend ordering from here, the Biryani is a must-try. 😊",4,Positive
"I love the new UI, it's so easy to find my favorite Dessert restaurants. 😍",4,Positive
Delivery was late and the food quality was top-notch. 💕,4,Positive
Excellent service. The delivery partner was very professional. 🙌,5,Positive
Best Pasta I've had in a while. Swiggy never disappoints. 👍,5,Positive
Delivery was right when expected and the food quality was top-notch. 💕,4,Positive
"The discount coupon worked perfectly, saved quite a bit! 🤣",5,Positive
"The discount coupon worked perfectly, saved quite a bit! 🤣",5,Positive
Excellent service. The delivery partner was very polite. 🙌,5,Positive
Great experience! The packaging was perfect and no spills. ❤️,4,Positive
Excellent service. The delivery partner was very polite. 🙌,4,Positive
The food from Taco Town was absolutely delicious and arrived on time. 😊,4,Positive
"I love the new UI, it's so easy to find my favorite Dessert restaurants. 😍",5,Positive
Seamless payment experience and the live tracking is very accurate. 😍,4,Positive
Great experience! The packaging was perfect and no spills. ❤️,4,Positive
Great experience! The packaging was perfect and no spills. ❤️,5,Positive
"The discount coupon worked perfectly, saved quite a bit! 🤣",5,Positive
Best Sandwich I've had in a while. Swiggy never disappoints. 👍,4,Positive
Great experience! The packaging was perfect and no spills. ❤️,4,Positive
Delivery was delayed and the food quality was top-notch. 💕,4,Positive
Delivery was right when expected and the food quality was top-notch. 💕,4,Positive
Great experience! The packaging was perfect and no spills. ❤️,5,Positive
"The discount coupon worked perfectly, saved quite a bit! 🤣",4,Positive
"The discount coupon worked perfectly, saved quite a bit! 🤣",4,Positive
"Highly recommend ordering from here, the Dessert is a must-try. 😊",5,Positive
"The discount coupon worked perfectly, saved quite a bit! 🤣",4,Positive
Seamless payment experience and the live tracking is very accurate. 😍,5,Positive
Super fast delivery! The Dessert was still piping hot. 👌,5,Positive
"Highly recommend ordering from here, the Pasta is a must-try. 😊",4,Positive
Super fast delivery! The Salad was still piping hot. 👌,4,Positive
Great experience! The packaging was perfect and no spills. ❤️,4,Positive
Super fast delivery! The Salad was still piping hot. 👌,5,Positive
Super fast delivery! The Sandwich was still piping hot. 👌,5,Positive
Great experience! The packaging was perfect and no spills. ❤️,5,Positive
Super fast delivery! The Cold Coffee was still piping hot. 👌,5,Positive
"Highly recommend ordering from here, the Biryani is a must-try. 😊",5,Positive
Seamless payment experience and the live tracking is very accurate. 😍,5,Positive
Seamless payment experience and the live tracking is very accurate. 😍,4,Positive
The food from Biryani House was absolutely delicious and arrived early. 😊,4,Positive
Super fast delivery! The Biryani was still piping hot. 👌,5,Positive
"Highly recommend ordering from here, the Sandwich is a must-try. 😊",4,Positive
Delivery was late and the food quality was top-notch. 💕,4,Positive
Seamless payment experience and the live tracking is very accurate. 😍,5,Positive
"Highly recommend ordering from here, the Sandwich is a must-try. 😊",5,Positive
Delivery was late and the food quality was top-notch. 💕,4,Positive
"Highly recommend ordering from here, the Dessert is a must-try. 😊",4,Positive
"The discount coupon worked perfectly, saved quite a bit! 🤣",5,Positive
The food from Healthy Bowls was absolutely delicious and arrived right when expected. 😊,4,Positive
"I love the new UI, it's so easy to find my favorite Dessert restaurants. 😍",4,Positive
Delivery was right when expected and the food quality was top-notch. 💕,5,Positive
Super fast delivery! The Sandwich was still piping hot. 👌,5,Positive
Delivery was late and the food quality was top-notch. 💕,4,Positive
Great experience! The packaging was perfect and no spills. ❤️,5,Positive
Excellent service. The delivery partner was very professional. 🙌,4,Positive
"I love the new UI, it's so easy to find my favorite Continental restaurants. 😍",4,Positive
Seamless payment experience and the live tracking is very accurate. 😍,5,Positive
Great experience! The packaging was perfect and no spills. ❤️,5,Positive
"Highly recommend ordering from here, the Cold Coffee is a must-try. 😊",4,Positive
Great experience! The packaging was perfect and no spills. ❤️,5,Positive
"The discount coupon worked perfectly, saved quite a bit! 🤣",4,Positive
Excellent service. The delivery partner was very polite. 🙌,5,Positive
"The discount coupon worked perfectly, saved quite a bit! 🤣",5,Positive
Seamless payment experience and the live tracking is very accurate. 😍,4,Positive
Super fast delivery! The Sandwich was still piping hot. 👌,4,Positive
Delivery was on time and the food quality was top-notch. 💕,4,Positive
Great experience! The packaging was perfect and no spills. ❤️,4,Positive
Delivery was right when expected and the food quality was top-notch. 💕,5,Positive
Seamless payment experience and the live tracking is very accurate. 😍,4,Positive
Super fast delivery! The Salad was still piping hot. 👌,4,Positive
Best Salad I've had in a while. Swiggy never disappoints. 👍,5,Positive
Super fast delivery! The Pizza was still piping hot. 👌,5,Positive
The food from Biryani House was absolutely delicious and arrived early. 😊,5,Positive
"Highly recommend ordering from here, the Pizza is a must-try. 😊",5,Positive
Delivery was right when expected and the food quality was top-notch. 💕,5,Positive
Seamless payment experience and the live tracking is very accurate. 😍,4,Positive
"Highly recommend ordering from here, the Pasta is a must-try. 😊",4,Positive
"The discount coupon worked perfectly, saved quite a bit! 🤣",5,Positive
Seamless payment experience and the live tracking is very accurate. 😍,5,Positive
Delivery was late and the food quality was top-notch. 💕,5,Positive
"I love the new UI, it's so easy to find my favorite Chinese restaurants. 😍",4,Positive
"The discount coupon worked perfectly, saved quite a bit! 🤣",4,Positive
Super fast delivery! The Cold Coffee was still piping hot. 👌,4,Positive
The food from Healthy Bowls was absolutely delicious and arrived delayed. 😊,5,Positive
"Highly recommend ordering from here, the Biryani is a must-try. 😊",5,Positive
"I love the new UI, it's so easy to find my favorite Continental restaurants. 😍",4,Positive
Delivery was delayed and the food quality was top-notch. 💕,4,Positive
Excellent service. The delivery partner was very helpful. 🙌,5,Positive
The food from Pizza Corner was absolutely delicious and arrived delayed. 😊,4,Positive
Delivery was late and the food quality was top-notch. 💕,4,Positive
Delivery was late and the food quality was top-notch. 💕,5,Positive
Seamless payment experience and the live tracking is very accurate. 😍,5,Positive
Great experience! The packaging was perfect and no spills. ❤️,5,Positive
Seamless payment experience and the live tracking is very accurate. 😍,5,Positive
Excellent service. The delivery partner was very polite. 🙌,5,Positive
Super fast delivery! The Cold Coffee was still piping hot. 👌,4,Positive
"The discount coupon worked perfectly, saved quite a bit! 🤣",4,Positive
Super fast delivery! The Dosa was still piping hot. 👌,5,Positive
The food from Healthy Bowls was absolutely delicious and arrived on time. 😊,4,Positive
Best Salad I've had in a while. Swiggy never disappoints. 👍,5,Positive
Great experience! The packaging was perfect and no spills. ❤️,5,Positive
Best Pasta I've had in a while. Swiggy never disappoints. 👍,5,Positive
"The discount coupon worked perfectly, saved quite a bit! 🤣",4,Positive
"I love the new UI, it's so easy to find my favorite North Indian restaurants. 😍",5,Positive
Delivery was early and the food quality was top-notch. 💕,5,Positive
"I love the new UI, it's so easy to find my favorite Dessert restaurants. 😍",4,Positive
Great experience! The packaging was perfect and no spills. ❤️,5,Positive
Great experience! The packaging was perfect and no spills. ❤️,5,Positive
The food from Pizza Corner was absolutely delicious and arrived on time. 😊,4,Positive
Seamless payment experience and the live tracking is very accurate. 😍,5,Positive
Super fast delivery! The Pasta was still piping hot. 👌,4,Positive
Excellent service. The delivery partner was very friendly. 🙌,5,Positive
Excellent service. The delivery partner was very efficient. 🙌,5,Positive
Delivery was delayed and the food quality was top-notch. 💕,5,Positive
Excellent service. The delivery partner was very helpful. 🙌,5,Positive
Super fast delivery! The Cold Coffee was still piping hot. 👌,5,Positive
"Highly recommend ordering from here, the Dessert is a must-try. 😊",5,Positive
Great experience! The packaging was perfect and no spills. ❤️,4,Positive
"The discount coupon worked perfectly, saved quite a bit! 🤣",4,Positive
Super fast delivery! The Pizza was still piping hot. 👌,5,Positive
"I love the new UI, it's so easy to find my favorite North Indian restaurants. 😍",4,Positive
"I love the new UI, it's so easy to find my favorite Italian restaurants. 😍",4,Positive
"Highly recommend ordering from here, the Dessert is a must-try. 😊",5,Positive
Delivery was right when expected and the food quality was top-notch. 💕,4,Positive
Excellent service. The delivery partner was very friendly. 🙌,5,Positive
"Highly recommend ordering from here, the Pizza is a must-try. 😊",5,Positive
Delivery was delayed and the food quality was top-notch. 💕,4,Positive
Great experience! The packaging was perfect and no spills. ❤️,4,Positive
Great experience! The packaging was perfect and no spills. ❤️,5,Positive
Great experience! The packaging was perfect and no spills. ❤️,5,Positive
Seamless payment experience and the live tracking is very accurate. 😍,5,Positive
The food from Burger King was absolutely delicious and arrived on time. 😊,4,Positive
Great experience! The packaging was perfect and no spills. ❤️,4,Positive
Super fast delivery! The Sandwich was still piping hot. 👌,4,Positive
Great experience! The packaging was perfect and no spills. ❤️,5,Positive
"Highly recommend ordering from here, the Sandwich is a must-try. 😊",5,Positive
"Highly recommend ordering from here, the Pasta is a must-try. 😊",4,Positive
Great experience! The packaging was perfect and no spills. ❤️,5,Positive
"The discount coupon worked perfectly, saved quite a bit! 🤣",5,Positive
Best Salad I've had in a while. Swiggy never disappoints. 👍,5,Positive
Super fast delivery! The Cold Coffee was still piping hot. 👌,5,Positive
Great experience! The packaging was perfect and no spills. ❤️,4,Positive
Super fast delivery! The Sandwich was still piping hot. 👌,4,Positive
"Highly recommend ordering from here, the Pasta is a must-try. 😊",4,Positive
Excellent service. The delivery partner was very polite. 🙌,5,Positive
Great experience! The packaging was perfect and no spills. ❤️,5,Positive
The food from Healthy Bowls was absolutely delicious and arrived late. 😊,4,Positive
Excellent service. The delivery partner was very efficient. 🙌,5,Positive
"The discount coupon worked perfectly, saved quite a bit! 🤣",4,Positive
The food from Burger King was absolutely delicious and arrived late. 😊,4,Positive
Best Dessert I've had in a while. Swiggy never disappoints. 👍,5,Positive
The food from South Indian Express was absolutely delicious and arrived on time. 😊,5,Positive
"Highly recommend ordering from here, the Pizza is a must-try. 😊",4,Positive
Best Cold Coffee I've had in a while. Swiggy never disappoints. 👍,4,Positive
"Highly recommend ordering from here, the Salad is a must-try. 😊",4,Positive
"The discount coupon worked perfectly, saved quite a bit! 🤣",5,Positive
Seamless payment experience and the live tracking is very accurate. 😍,4,Positive
"I love the new UI, it's so easy to find my favorite Chinese restaurants. 😍",4,Positive
"I love the new UI, it's so easy to find my favorite Continental restaurants. 😍",4,Positive
Super fast delivery! The Dessert was still piping hot. 👌,4,Positive
The food from Pizza Corner was absolutely delicious and arrived early. 😊,4,Positive
"Highly recommend ordering from here, the Cold Coffee is a must-try. 😊",5,Positive
The food from Pizza Corner was absolutely delicious and arrived delayed. 😊,4,Positive
"The discount coupon worked perfectly, saved quite a bit! 🤣",4,Positive
The food from South Indian Express was absolutely delicious and arrived on time. 😊,4,Positive
Best Sandwich I've had in a while. Swiggy never disappoints. 👍,4,Positive
Best Pizza I've had in a while. Swiggy never disappoints. 👍,4,Positive
Delivery was late and the food quality was top-notch. 💕,5,Positive
"Highly recommend ordering from here, the Dosa is a must-try. 😊",4,Positive
Excellent service. The delivery partner was very polite. 🙌,4,Positive
Delivery was late and the food quality was top-notch. 💕,5,Positive
Super fast delivery! The Pasta was still piping hot. 👌,4,Positive
Best Pasta I've had in a while. Swiggy never disappoints. 👍,4,Positive
Excellent service. The delivery partner was very polite. 🙌,4,Positive
Seamless payment experience and the live tracking is very accurate. 😍,4,Positive
Great experience! The packaging was perfect and no spills. ❤️,4,Positive
"I love the new UI, it's so easy to find my favorite Continental restaurants. 😍",5,Positive
"The discount coupon worked perfectly, saved quite a bit! 🤣",5,Positive
Seamless payment experience and the live tracking is very accurate. 😍,5,Positive
"The discount coupon worked perfectly, saved quite a bit! 🤣",5,Positive
The food from Pizza Corner was absolutely delicious and arrived on time. 😊,4,Positive
Excellent service. The delivery partner was very professional. 🙌,5,Positive
Super fast delivery! The Pasta was still piping hot. 👌,4,Positive
Great experience! The packaging was perfect and no spills. ❤️,4,Positive
"The discount coupon worked perfectly, saved quite a bit! 🤣",4,Positive
The food from Pizza Corner was absolutely delicious and arrived delayed. 😊,5,Positive
The food from Taco Town was absolutely delicious and arrived early. 😊,5,Positive
Super fast delivery! The Dosa was still piping hot. 👌,4,Positive
"I love the new UI, it's so easy to find my favorite Italian restaurants. 😍",5,Positive
The food from Taco Town was absolutely delicious and arrived early. 😊,5,Positive
Seamless payment experience and the live tracking is very accurate. 😍,4,Positive
Super fast delivery! The Cold Coffee was still piping hot. 👌,4,Positive
Best Cold Coffee I've had in a while. Swiggy never disappoints. 👍,5,Positive
"Highly recommend ordering from here, the Salad is a must-try. 😊",5,Positive
"I love the new UI, it's so easy to find my favorite Chinese restaurants. 😍",5,Positive
Super fast delivery! The Cold Coffee was still piping hot. 👌,4,Positive
"Highly recommend ordering from here, the Pizza is a must-try. 😊",5,Positive
"The discount coupon worked perfectly, saved quite a bit! 🤣",4,Positive
Excellent service. The delivery partner was very helpful. 🙌,5,Positive
"I love the new UI, it's so easy to find my favorite Continental restaurants. 😍",4,Positive
Delivery was right when expected and the food quality was top-notch. 💕,4,Positive
"The discount coupon worked perfectly, saved quite a bit! 🤣",5,Positive
"Highly recommend ordering from here, the Dosa is a must-try. 😊",5,Positive
Excellent service. The delivery partner was very professional. 🙌,4,Positive
Super fast delivery! The Dessert was still piping hot. 👌,5,Positive
The food from Pizza Corner was absolutely delicious and arrived right when expected. 😊,5,Positive
"The discount coupon worked perfectly, saved quite a bit! 🤣",4,Positive
Super fast delivery! The Biryani was still piping hot. 👌,4,Positive
Super fast delivery! The Salad was still piping hot. 👌,5,Positive
Delivery was early and the food quality was top-notch. 💕,4,Positive
"I love the new UI, it's so easy to find my favorite Continental restaurants. 😍",5,Positive
Seamless payment experience and the live tracking is very accurate. 😍,4,Positive
The food from Biryani House was absolutely delicious and arrived on time. 😊,4,Positive
"Highly recommend ordering from here, the Salad is a must-try. 😊",4,Positive
Delivery was early and the food quality was top-notch. 💕,5,Positive
Super fast delivery! The Salad was still piping hot. 👌,5,Positive
Seamless payment experience and the live tracking is very accurate. 😍,5,Positive
Best Salad I've had in a while. Swiggy never disappoints. 👍,5,Positive
Great experience! The packaging was perfect and no spills. ❤️,5,Positive
Super fast delivery! The Salad was still piping hot. 👌,4,Positive
"Highly recommend ordering from here, the Dessert is a must-try. 😊",4,Positive
The food from South Indian Express was absolutely delicious and arrived late. 😊,5,Positive
"The discount coupon worked perfectly, saved quite a bit! 🤣",5,Positive
The food from Pizza Corner was absolutely delicious and arrived early. 😊,5,Positive
Best Dessert I've had in a while. Swiggy never disappoints. 👍,5,Positive
Seamless payment experience and the live tracking is very accurate. 😍,5,Positive
Delivery was late and the food quality was top-notch. 💕,5,Positive
Best Cold Coffee I've had in a while. Swiggy never disappoints. 👍,5,Positive
"The discount coupon worked perfectly, saved quite a bit! 🤣",4,Positive
Delivery was late and the food quality was top-notch. 💕,4,Positive
"I love the new UI, it's so easy to find my favorite North Indian restaurants. 😍",5,Positive
"The discount coupon worked perfectly, saved quite a bit! 🤣",5,Positive
"Highly recommend ordering from here, the Pizza is a must-try. 😊",4,Positive
Excellent service. The delivery partner was very friendly. 🙌,5,Positive
Super fast delivery! The Dosa was still piping hot. 👌,4,Positive
"The discount coupon worked perfectly, saved quite a bit! 🤣",4,Positive
"The discount coupon worked perfectly, saved quite a bit! 🤣",4,Positive
Super fast delivery! The Pasta was still piping hot. 👌,4,Positive
"Highly recommend ordering from here, the Sandwich is a must-try. 😊",5,Positive
Seamless payment experience and the live tracking is very accurate. 😍,4,Positive
Delivery was delayed and the food quality was top-notch. 💕,5,Positive
Seamless payment experience and the live tracking is very accurate. 😍,5,Positive
Excellent service. The delivery partner was very polite. 🙌,5,Positive
Super fast delivery! The Dessert was still piping hot. 👌,4,Positive
Delivery was delayed and the food quality was top-notch. 💕,4,Positive
Great experience! The packaging was perfect and no spills. ❤️,4,Positive
Seamless payment experience and the live tracking is very accurate. 😍,4,Positive
"The discount coupon worked perfectly, saved quite a bit! 🤣",4,Positive
Best Salad I've had in a while. Swiggy never disappoints. 👍,5,Positive
Excellent service. The delivery partner was very friendly. 🙌,4,Positive
Best Pizza I've had in a while. Swiggy never disappoints. 👍,4,Positive
Great experience! The packaging was perfect and no spills. ❤️,5,Positive
Super fast delivery! The Cold Coffee was still piping hot. 👌,4,Positive
Best Pizza I've had in a while. Swiggy never disappoints. 👍,5,Positive
"The discount coupon worked perfectly, saved quite a bit! 🤣",4,Positive
Super fast delivery! The Dosa was still piping hot. 👌,5,Positive
Great experience! The packaging was perfect and no spills. ❤️,4,Positive
"Highly recommend ordering from here, the Dosa is a must-try. 😊",4,Positive
Best Salad I've had in a while. Swiggy never disappoints. 👍,5,Positive
Excellent service. The delivery partner was very helpful. 🙌,5,Positive
"The discount coupon worked perfectly, saved quite a bit! 🤣",5,Positive
"The discount coupon worked perfectly, saved quite a bit! 🤣",5,Positive
"Highly recommend ordering from here, the Cold Coffee is a must-try. 😊",4,Positive
Seamless payment experience and the live tracking is very accurate. 😍,5,Positive
"The discount coupon worked perfectly, saved quite a bit! 🤣",4,Positive
"I love the new UI, it's so easy to find my favorite Continental restaurants. 😍",4,Positive
Excellent service. The delivery partner was very efficient. 🙌,5,Positive
Delivery was early and the food quality was top-notch. 💕,5,Positive
Best Pasta I've had in a while. Swiggy never disappoints. 👍,5,Positive
The food from Burger King was absolutely delicious and arrived right when expected. 😊,4,Positive
The food from Burger King was absolutely delicious and arrived late. 😊,4,Positive
Great experience! The packaging was perfect and no spills. ❤️,4,Positive
"I love the new UI, it's so easy to find my favorite Continental restaurants. 😍",4,Positive
"The discount coupon worked perfectly, saved quite a bit! 🤣",4,Positive
Excellent service. The delivery partner was very helpful. 🙌,5,Positive
"Highly recommend ordering from here, the Sandwich is a must-try. 😊",4,Positive
The food from South Indian Express was absolutely delicious and arrived on time. 😊,5,Positive
Delivery was early and the food quality was top-notch. 💕,4,Positive
"The discount coupon worked perfectly, saved quite a bit! 🤣",5,Positive
Seamless payment experience and the live tracking is very accurate. 😍,5,Positive
"I love the new UI, it's so easy to find my favorite Chinese restaurants. 😍",4,Positive
The food from Healthy Bowls was absolutely delicious and arrived late. 😊,5,Positive
Seamless payment experience and the live tracking is very accurate. 😍,5,Positive
Best Salad I've had in a while. Swiggy never disappoints. 👍,5,Positive
Delivery was delayed and the food quality was top-notch. 💕,5,Positive
"I love the new UI, it's so easy to find my favorite Dessert restaurants. 😍",4,Positive
The food from Healthy Bowls was absolutely delicious and arrived on time. 😊,4,Positive
Best Sandwich I've had in a while. Swiggy never disappoints. 👍,4,Positive
The food from Taco Town was absolutely delicious and arrived on time. 😊,4,Positive
Super fast delivery! The Pizza was still piping hot. 👌,5,Positive
Excellent service. The delivery partner was very helpful. 🙌,5,Positive
Excellent service. The delivery partner was very professional. 🙌,4,Positive
"The discount coupon worked perfectly, saved quite a bit! 🤣",4,Positive
Super fast delivery! The Sandwich was still piping hot. 👌,5,Positive
"The discount coupon worked perfectly, saved quite a bit! 🤣",5,Positive
The food from South Indian Express was absolutely delicious and arrived early. 😊,5,Positive
Super fast delivery! The Sandwich was still piping hot. 👌,4,Positive
"The discount coupon worked perfectly, saved quite a bit! 🤣",4,Positive
Great experience! The packaging was perfect and no spills. ❤️,5,Positive
"I love the new UI, it's so easy to find my favorite Chinese restaurants. 😍",4,Positive
The food from Burger King was absolutely delicious and arrived late. 😊,5,Positive
Best Biryani I've had in a while. Swiggy never disappoints. 👍,5,Positive
Super fast delivery! The Biryani was still piping hot. 👌,5,Positive
Excellent service. The delivery partner was very professional. 🙌,5,Positive
"I love the new UI, it's so easy to find my favorite North Indian restaurants. 😍",5,Positive
Delivery was early and the food quality was top-notch. 💕,4,Positive
Super fast delivery! The Dosa was still piping hot. 👌,5,Positive
Best Biryani I've had in a while. Swiggy never disappoints. 👍,5,Positive
The food from Healthy Bowls was absolutely delicious and arrived delayed. 😊,4,Positive
Great experience! The packaging was perfect and no spills. ❤️,4,Positive
Seamless payment experience and the live tracking is very accurate. 😍,5,Positive
Delivery was right when expected and the food quality was top-notch. 💕,5,Positive
Seamless payment experience and the live tracking is very accurate. 😍,4,Positive
Super fast delivery! The Dosa was still piping hot. 👌,4,Positive
Delivery was delayed and the food quality was top-notch. 💕,5,Positive
The food from Biryani House was absolutely delicious and arrived early. 😊,4,Positive
Super fast delivery! The Cold Coffee was still piping hot. 👌,5,Positive
Seamless payment experience and the live tracking is very accurate. 😍,4,Positive
"I love the new UI, it's so easy to find my favorite Italian restaurants. 😍",4,Positive
"Highly recommend ordering from here, the Pizza is a must-try. 😊",4,Positive
Delivery was late and the food quality was top-notch. 💕,4,Positive
Great experience! The packaging was perfect and no spills. ❤️,5,Positive
"I love the new UI, it's so easy to find my favorite Chinese restaurants. 😍",4,Positive
Super fast delivery! The Pizza was still piping hot. 👌,4,Positive
Best Pasta I've had in a while. Swiggy never disappoints. 👍,4,Positive
Seamless payment experience and the live tracking is very accurate. 😍,5,Positive
"Highly recommend ordering from here, the Pizza is a must-try. 😊",4,Positive
Delivery was right when expected and the food quality was top-notch. 💕,4,Positive
"I love the new UI, it's so easy to find my favorite Chinese restaurants. 😍",5,Positive
Super fast delivery! The Dessert was still piping hot. 👌,5,Positive
Best Pasta I've had in a while. Swiggy never disappoints. 👍,5,Positive
Excellent service. The delivery partner was very polite. 🙌,5,Positive
"The discount coupon worked perfectly, saved quite a bit! 🤣",5,Positive
"Highly recommend ordering from here, the Sandwich is a must-try. 😊",4,Positive
Super fast delivery! The Sandwich was still piping hot. 👌,4,Positive
The food from South Indian Express was absolutely delicious and arrived early. 😊,4,Positive
Seamless payment experience and the live tracking is very accurate. 😍,4,Positive
"I love the new UI, it's so easy to find my favorite North Indian restaurants. 😍",4,Positive
Best Pizza I've had in a while. Swiggy never disappoints. 👍,5,Positive
Super fast delivery! The Pizza was still piping hot. 👌,5,Positive
Excellent service. The delivery partner was very friendly. 🙌,5,Positive
"Highly recommend ordering from here, the Biryani is a must-try. 😊",5,Positive
Great experience! The packaging was perfect and no spills. ❤️,4,Positive
Great experience! The packaging was perfect and no spills. ❤️,4,Positive
"Highly recommend ordering from here, the Cold Coffee is a must-try. 😊",5,Positive
Seamless payment experience and the live tracking is very accurate. 😍,4,Positive
Excellent service. The delivery partner was very professional. 🙌,5,Positive
The food from Taco Town was absolutely delicious and arrived on time. 😊,4,Positive
Great experience! The packaging was perfect and no spills. ❤️,5,Positive
Seamless payment experience and the live tracking is very accurate. 😍,4,Positive
Delivery was early and the food quality was top-notch. 💕,4,Positive
"I love the new UI, it's so easy to find my favorite Chinese restaurants. 😍",4,Positive
The food from South Indian Express was absolutely delicious and arrived late. 😊,5,Positive
"Highly recommend ordering from here, the Dessert is a must-try. 😊",5,Positive
Best Salad I've had in a while. Swiggy never disappoints. 👍,5,Positive
Great experience! The packaging was perfect and no spills. ❤️,5,Positive
Super fast delivery! The Pizza was still piping hot. 👌,4,Positive
Seamless payment experience and the live tracking is very accurate. 😍,4,Positive
"I love the new UI, it's so easy to find my favorite Chinese restaurants. 😍",5,Positive
Delivery was early and the food quality was top-notch. 💕,4,Positive
Delivery was delayed and the food quality was top-notch. 💕,4,Positive
Excellent service. The delivery partner was very friendly. 🙌,5,Positive
Refund process is taking forever for my cancelled order. 😡,2,Negative
I will never order from Biryani House again. Total waste of money. 😒,1,Negative
I will never order from South Indian Express again. Total waste of money. 😒,1,Negative
The Pizza was cold and the packaging was completely messy. 😡,1,Negative
Tired of consistent delays from this restaurant. 😡,2,Negative
Worst experience ever! Dosa was terrible. 😡,1,Negative
Worst experience ever! Sandwich was pathetic. 😡,2,Negative
App kept crashing while I was trying to pay. Very frustrating. 😒,1,Negative
The delivery partner was very rude and didn't follow instructions. 😒,2,Negative
Customer support is non-existent. No one helped with my wrong address. 😡,2,Negative
Worst experience ever! Salad was pathetic. 😡,1,Negative
The delivery partner was very messy and didn't follow instructions. 😒,2,Negative
App kept crashing while I was trying to pay. Very frustrating. 😒,1,Negative
Extremely disappointed. My order from Taco Town was delayed by an hour. 😒,2,Negative
Worst experience ever! Cold Coffee was horrible. 😡,1,Negative
Customer support is non-existent. No one helped with my missing item. 😡,1,Negative
Tired of consistent delays from this restaurant. 😡,1,Negative
The Pasta was cold and the packaging was completely unprofessional. 😡,1,Negative
The Sandwich was cold and the packaging was completely unprofessional. 😡,2,Negative
The Salad was absolutely terrible and leaked. 😡,1,Negative
"Food quality was horrible, won't order again. 😡",2,Negative
Extremely disappointed. My order from Burger King was on time by an hour. 😒,1,Negative
"Food quality was pathetic, won't order again. 😡",2,Negative
Customer support is non-existent. No one helped with my cold food. 😡,1,Negative
"Food quality was disgusting, won't order again. 😡",2,Negative
Worst experience ever! Cold Coffee was pathetic. 😡,2,Negative
Tired of consistent delays from this restaurant. 😡,1,Negative
Extremely disappointed. My order from Taco Town was early by an hour. 😒,2,Negative
Customer support is non-existent. No one helped with my spilled drink. 😡,1,Negative
Refund process is taking forever for my cancelled order. 😡,1,Negative
Worst experience ever! Salad was disgusting. 😡,1,Negative
Customer support is non-existent. No one helped with my wrong address. 😡,2,Negative
Tired of consistent delays from this restaurant. 😡,2,Negative
Wrong items delivered! I ordered Dessert but got something else. 😡,1,Negative
The Salad was absolutely disgusting and unprofessional. 😡,2,Negative
Wrong items delivered! I ordered Pizza but got something else. 😡,1,Negative
Refund process is taking forever for my cancelled order. 😡,1,Negative
Extremely disappointed. My order from Burger King was on time by an hour. 😒,2,Negative
"Hidden charges in the bill, the pricing is not transparent. 😡",2,Negative
App kept crashing while I was trying to pay. Very frustrating. 😒,2,Negative
The Pizza was absolutely terrible and leaked. 😡,1,Negative
The Salad was absolutely disgusting and messy. 😡,2,Negative
The Salad was absolutely worst and soggy. 😡,2,Negative
The Dessert was cold and the packaging was completely soggy. 😡,2,Negative
I will never order from Burger King again. Total waste of money. 😒,2,Negative
"Food quality was disgusting, won't order again. 😡",1,Negative
Extremely disappointed. My order from South Indian Express was delayed by an hour. 😒,1,Negative
Wrong items delivered! I ordered Biryani but got something else. 😡,2,Negative
The delivery partner was very soggy and didn't follow instructions. 😒,1,Negative
App kept crashing while I was trying to pay. Very frustrating. 😒,2,Negative
Tired of consistent delays from this restaurant. 😡,1,Negative
Tired of consistent delays from this restaurant. 😡,1,Negative
Tired of consistent delays from this restaurant. 😡,1,Negative
Extremely disappointed. My order from Burger King was early by an hour. 😒,2,Negative
Customer support is non-existent. No one helped with my cold food. 😡,1,Negative
"Hidden charges in the bill, the pricing is not transparent. 😡",1,Negative
Customer support is non-existent. No one helped with my wrong address. 😡,1,Negative
The Dessert tasted unprofessional and was not fresh at all. 😒,2,Negative
"Hidden charges in the bill, the pricing is not transparent. 😡",1,Negative
I will never order from Pizza Corner again. Total waste of money. 😒,2,Negative
"Hidden charges in the bill, the pricing is not transparent. 😡",1,Negative
The delivery partner was very rude and didn't follow instructions. 😒,1,Negative
The delivery partner was very messy and didn't follow instructions. 😒,1,Negative
Customer support is non-existent. No one helped with my wrong address. 😡,1,Negative
Wrong items delivered! I ordered Sandwich but got something else. 😡,1,Negative
Worst experience ever! Pizza was awful. 😡,1,Negative
Customer support is non-existent. No one helped with my spilled drink. 😡,2,Negative
The delivery partner was very stale and didn't follow instructions. 😒,2,Negative
The delivery partner was very leaked and didn't follow instructions. 😒,2,Negative
I will never order from Biryani House again. Total waste of money. 😒,1,Negative
The Pizza tasted stale and was not fresh at all. 😒,2,Negative
Refund process is taking forever for my cancelled order. 😡,1,Negative
The Salad tasted rude and was not fresh at all. 😒,2,Negative
"Hidden charges in the bill, the pricing is not transparent. 😡",2,Negative
Refund process is taking forever for my cancelled order. 😡,2,Negative
The Pizza was cold and the packaging was completely messy. 😡,2,Negative
Worst experience ever! Biryani was disgusting. 😡,1,Negative
The Biryani was cold and the packaging was completely soggy. 😡,2,Negative
"Food quality was disgusting, won't order again. 😡",1,Negative
App kept crashing while I was trying to pay. Very frustrating. 😒,2,Negative
"Food quality was terrible, won't order again. 😡",1,Negative
I will never order from Burger King again. Total waste of money. 😒,2,Negative
Customer support is non-existent. No one helped with my spilled drink. 😡,2,Negative
"Food quality was horrible, won't order again. 😡",2,Negative
The Pasta tasted stale and was not fresh at all. 😒,1,Negative
I will never order from South Indian Express again. Total waste of money. 😒,1,Negative
Worst experience ever! Sandwich was worst. 😡,1,Negative
Refund process is taking forever for my cancelled order. 😡,2,Negative
Refund process is taking forever for my cancelled order. 😡,2,Negative
The Biryani was cold and the packaging was completely stale. 😡,2,Negative
Customer support is non-existent. No one helped with my wrong address. 😡,1,Negative
Tired of consistent delays from this restaurant. 😡,2,Negative
The Pizza was cold and the packaging was completely stale. 😡,2,Negative
The delivery partner was very unprofessional and didn't follow instructions. 😒,2,Negative
App kept crashing while I was trying to pay. Very frustrating. 😒,1,Negative
App kept crashing while I was trying to pay. Very frustrating. 😒,2,Negative
"Food quality was terrible, won't order again. 😡",2,Negative
App kept crashing while I was trying to pay. Very frustrating. 😒,2,Negative
App kept crashing while I was trying to pay. Very frustrating. 😒,2,Negative
Worst experience ever! Sandwich was terrible. 😡,1,Negative
Customer support is non-existent. No one helped with my spilled drink. 😡,1,Negative
Tired of consistent delays from this restaurant. 😡,1,Negative
The Sandwich tasted stale and was not fresh at all. 😒,2,Negative
App kept crashing while I was trying to pay. Very frustrating. 😒,2,Negative
Extremely disappointed. My order from South Indian Express was late by an hour. 😒,1,Negative
Refund process is taking forever for my cancelled order. 😡,1,Negative
Wrong items delivered! I ordered Salad but got something else. 😡,1,Negative
Refund process is taking forever for my cancelled order. 😡,1,Negative
"Food quality was horrible, won't order again. 😡",1,Negative
Wrong items delivered! I ordered Biryani but got something else. 😡,2,Negative
Extremely disappointed. My order from Pizza Corner was late by an hour. 😒,1,Negative
"Hidden charges in the bill, the pricing is not transparent. 😡",1,Negative
"Food quality was worst, won't order again. 😡",2,Negative
The delivery partner was very leaked and didn't follow instructions. 😒,2,Negative
I will never order from Healthy Bowls again. Total waste of money. 😒,2,Negative
"Hidden charges in the bill, the pricing is not transparent. 😡",2,Negative
I will never order from Healthy Bowls again. Total waste of money. 😒,2,Negative
Extremely disappointed. My order from Burger King was late by an hour. 😒,2,Negative
"Hidden charges in the bill, the pricing is not transparent. 😡",2,Negative
The Pasta was cold and the packaging was completely leaked. 😡,2,Negative
The Dessert was cold and the packaging was completely unprofessional. 😡,1,Negative
The Pizza tasted stale and was not fresh at all. 😒,2,Negative
I will never order from Pizza Corner again. Total waste of money. 😒,2,Negative
The delivery partner was very soggy and didn't follow instructions. 😒,2,Negative
Tired of consistent delays from this restaurant. 😡,1,Negative
The Pizza was cold and the packaging was completely messy. 😡,2,Negative
"Food quality was horrible, won't order again. 😡",2,Negative
Refund process is taking forever for my cancelled order. 😡,2,Negative
Tired of consistent delays from this restaurant. 😡,2,Negative
"Hidden charges in the bill, the pricing is not transparent. 😡",1,Negative
"Hidden charges in the bill, the pricing is not transparent. 😡",2,Negative
Wrong items delivered! I ordered Dosa but got something else. 😡,1,Negative
"Food quality was worst, won't order again. 😡",2,Negative
App kept crashing while I was trying to pay. Very frustrating. 😒,2,Negative
The Biryani was cold and the packaging was completely rude. 😡,1,Negative
The delivery partner was very rude and didn't follow instructions. 😒,2,Negative
The Dessert tasted stale and was not fresh at all. 😒,2,Negative
"Hidden charges in the bill, the pricing is not transparent. 😡",2,Negative
The Pasta tasted stale and was not fresh at all. 😒,1,Negative
Refund process is taking forever for my cancelled order. 😡,1,Negative
I will never order from Biryani House again. Total waste of money. 😒,2,Negative
"Hidden charges in the bill, the pricing is not transparent. 😡",1,Negative
The Biryani tasted stale and was not fresh at all. 😒,1,Negative
I will never order from Taco Town again. Total waste of money. 😒,1,Negative
The Biryani tasted unprofessional and was not fresh at all. 😒,1,Negative
I will never order from Taco Town again. Total waste of money. 😒,1,Negative
The Pasta tasted messy and was not fresh at all. 😒,1,Negative
I will never order from Healthy Bowls again. Total waste of money. 😒,2,Negative
The Dessert was absolutely worst and leaked. 😡,1,Negative
Refund process is taking forever for my cancelled order. 😡,1,Negative
Wrong items delivered! I ordered Cold Coffee but got something else. 😡,1,Negative
Tired of consistent delays from this restaurant. 😡,2,Negative
The Pasta tasted rude and was not fresh at all. 😒,1,Negative
Tired of consistent delays from this restaurant. 😡,1,Negative
Refund process is taking forever for my cancelled order. 😡,1,Negative
Worst experience ever! Pizza was disgusting. 😡,2,Negative
The Dosa tasted messy and was not fresh at all. 😒,2,Negative
The delivery partner was very messy and didn't follow instructions. 😒,2,Negative
Tired of consistent delays from this restaurant. 😡,1,Negative
Extremely disappointed. My order from Pizza Corner was on time by an hour. 😒,2,Negative
Worst experience ever! Sandwich was disgusting. 😡,2,Negative
The delivery partner was very leaked and didn't follow instructions. 😒,2,Negative
I will never order from Pizza Corner again. Total waste of money. 😒,1,Negative
Customer support is non-existent. No one helped with my wrong address. 😡,2,Negative
The Salad tasted rude and was not fresh at all. 😒,2,Negative
The Sandwich was absolutely terrible and rude. 😡,1,Negative
Worst experience ever! Biryani was worst. 😡,2,Negative
Customer support is non-existent. No one helped with my spilled drink. 😡,2,Negative
App kept crashing while I was trying to pay. Very frustrating. 😒,2,Negative
The Salad was cold and the packaging was completely soggy. 😡,1,Negative
Tired of consistent delays from this restaurant. 😡,2,Negative
I will never order from Pizza Corner again. Total waste of money. 😒,1,Negative
I will never order from South Indian Express again. Total waste of money. 😒,2,Negative
Extremely disappointed. My order from Healthy Bowls was right when expected by an hour. 😒,2,Negative
The Salad was absolutely awful and soggy. 😡,2,Negative
The delivery partner was very leaked and didn't follow instructions. 😒,1,Negative
"Food quality was disgusting, won't order again. 😡",2,Negative
The Salad tasted leaked and was not fresh at all. 😒,1,Negative
The Dessert was absolutely terrible and leaked. 😡,2,Negative
The Biryani tasted leaked and was not fresh at all. 😒,1,Negative
Wrong items delivered! I ordered Sandwich but got something else. 😡,1,Negative
The delivery partner was very soggy and didn't follow instructions. 😒,1,Negative
The delivery partner was very messy and didn't follow instructions. 😒,2,Negative
Worst experience ever! Salad was pathetic. 😡,1,Negative
Wrong items delivered! I ordered Dessert but got something else. 😡,1,Negative
App kept crashing while I was trying to pay. Very frustrating. 😒,2,Negative
I will never order from Pizza Corner again. Total waste of money. 😒,2,Negative
"Food quality was awful, won't order again. 😡",2,Negative
Tired of consistent delays from this restaurant. 😡,1,Negative
"Hidden charges in the bill, the pricing is not transparent. 😡",2,Negative
Extremely disappointed. My order from Taco Town was on time by an hour. 😒,1,Negative
The Sandwich was cold and the packaging was completely unprofessional. 😡,1,Negative
Refund process is taking forever for my cancelled order. 😡,2,Negative
I will never order from South Indian Express again. Total waste of money. 😒,1,Negative
I will never order from Burger King again. Total waste of money. 😒,2,Negative
Tired of consistent delays from this restaurant. 😡,2,Negative
Worst experience ever! Dessert was worst. 😡,1,Negative
Extremely disappointed. My order from Taco Town was delayed by an hour. 😒,2,Negative
"Food quality was terrible, won't order again. 😡",1,Negative
The Cold Coffee was absolutely terrible and messy. 😡,1,Negative
The Dosa tasted soggy and was not fresh at all. 😒,1,Negative
Refund process is taking forever for my cancelled order. 😡,1,Negative
I will never order from Burger King again. Total waste of money. 😒,2,Negative
The Pizza was absolutely disgusting and soggy. 😡,1,Negative
Worst experience ever! Sandwich was pathetic. 😡,2,Negative
The Pizza was cold and the packaging was completely stale. 😡,2,Negative
Tired of consistent delays from this restaurant. 😡,2,Negative
"Hidden charges in the bill, the pricing is not transparent. 😡",2,Negative
Tired of consistent delays from this restaurant. 😡,2,Negative
Customer support is non-existent. No one helped with my cold food. 😡,1,Negative
"Hidden charges in the bill, the pricing is not transparent. 😡",2,Negative
The Dessert tasted rude and was not fresh at all. 😒,2,Negative
I will never order from Pizza Corner again. Total waste of money. 😒,1,Negative
Wrong items delivered! I ordered Cold Coffee but got something else. 😡,1,Negative
Customer support is non-existent. No one helped with my missing item. 😡,2,Negative
Worst experience ever! Cold Coffee was worst. 😡,1,Negative
App kept crashing while I was trying to pay. Very frustrating. 😒,2,Negative
The Dosa was absolutely disgusting and leaked. 😡,1,Negative
The Dosa was absolutely terrible and messy. 😡,2,Negative
The delivery partner was very messy and didn't follow instructions. 😒,2,Negative
Tired of consistent delays from this restaurant. 😡,1,Negative
The Salad was absolutely pathetic and leaked. 😡,2,Negative
Wrong items delivered! I ordered Pizza but got something else. 😡,1,Negative
The Biryani was absolutely awful and rude. 😡,1,Negative
The Pizza tasted soggy and was not fresh at all. 😒,2,Negative
I will never order from Healthy Bowls again. Total waste of money. 😒,2,Negative
Customer support is non-existent. No one helped with my cold food. 😡,1,Negative
The Dosa was cold and the packaging was completely stale. 😡,1,Negative
Customer support is non-existent. No one helped with my spilled drink. 😡,1,Negative
Customer support is non-existent. No one helped with my wrong address. 😡,2,Negative
The delivery partner was very unprofessional and didn't follow instructions. 😒,2,Negative
The Dosa tasted unprofessional and was not fresh at all. 😒,1,Negative
The Salad tasted stale and was not fresh at all. 😒,1,Negative
Refund process is taking forever for my cancelled order. 😡,1,Negative
The Dosa was absolutely worst and unprofessional. 😡,2,Negative
The Pasta was cold and the packaging was completely rude. 😡,1,Negative
Extremely disappointed. My order from Biryani House was early by an hour. 😒,1,Negative
Worst experience ever! Salad was horrible. 😡,2,Negative
App kept crashing while I was trying to pay. Very frustrating. 😒,1,Negative
Extremely disappointed. My order from Biryani House was late by an hour. 😒,1,Negative
Wrong items delivered! I ordered Dessert but got something else. 😡,1,Negative
"Hidden charges in the bill, the pricing is not transparent. 😡",1,Negative
Wrong items delivered! I ordered Dessert but got something else. 😡,2,Negative
"Food quality was pathetic, won't order again. 😡",2,Negative
The Sandwich was cold and the packaging was completely messy. 😡,2,Negative
App kept crashing while I was trying to pay. Very frustrating. 😒,1,Negative
"Food quality was awful, won't order again. 😡",1,Negative
The Pizza tasted leaked and was not fresh at all. 😒,1,Negative
Tired of consistent delays from this restaurant. 😡,1,Negative
The Dessert was cold and the packaging was completely leaked. 😡,1,Negative
Extremely disappointed. My order from Healthy Bowls was late by an hour. 😒,1,Negative
Extremely disappointed. My order from South Indian Express was right when expected by an hour. 😒,1,Negative
The Dosa tasted leaked and was not fresh at all. 😒,1,Negative
Customer support is non-existent. No one helped with my wrong address. 😡,2,Negative
The Pasta was cold and the packaging was completely rude. 😡,1,Negative
Refund process is taking forever for my cancelled order. 😡,2,Negative
"Hidden charges in the bill, the pricing is not transparent. 😡",1,Negative
The Pizza was cold and the packaging was completely leaked. 😡,1,Negative
I will never order from Biryani House again. Total waste of money. 😒,2,Negative
Wrong items delivered! I ordered Dosa but got something else. 😡,2,Negative
Tired of consistent delays from this restaurant. 😡,2,Negative
The Dessert was cold and the packaging was completely soggy. 😡,1,Negative
Tired of consistent delays from this restaurant. 😡,1,Negative
Worst experience ever! Dosa was worst. 😡,1,Negative
Worst experience ever! Salad was disgusting. 😡,2,Negative
The Cold Coffee was absolutely worst and stale. 😡,2,Negative
The delivery partner was very messy and didn't follow instructions. 😒,1,Negative
Customer support is non-existent. No one helped with my wrong address. 😡,1,Negative
The Dosa tasted leaked and was not fresh at all. 😒,2,Negative
The Pizza tasted stale and was not fresh at all. 😒,1,Negative
The Pizza tasted rude and was not fresh at all. 😒,1,Negative
Customer support is non-existent. No one helped with my spilled drink. 😡,1,Negative
Extremely disappointed. My order from Pizza Corner was delayed by an hour. 😒,2,Negative
Customer support is non-existent. No one helped with my missing item. 😡,2,Negative
The Salad tasted soggy and was not fresh at all. 😒,2,Negative
App kept crashing while I was trying to pay. Very frustrating. 😒,1,Negative
The Dosa was cold and the packaging was completely soggy. 😡,2,Negative
Tired of consistent delays from this restaurant. 😡,2,Negative
I will never order from Healthy Bowls again. Total waste of money. 😒,2,Negative
Tired of consistent delays from this restaurant. 😡,1,Negative
App kept crashing while I was trying to pay. Very frustrating. 😒,1,Negative
The delivery partner was very stale and didn't follow instructions. 😒,1,Negative
Extremely disappointed. My order from Taco Town was late by an hour. 😒,2,Negative
The delivery partner was very stale and didn't follow instructions. 😒,2,Negative
App kept crashing while I was trying to pay. Very frustrating. 😒,2,Negative
App kept crashing while I was trying to pay. Very frustrating. 😒,1,Negative
The Biryani was cold and the packaging was completely leaked. 😡,1,Negative
Extremely disappointed. My order from Healthy Bowls was delayed by an hour. 😒,2,Negative
Tired of consistent delays from this restaurant. 😡,1,Negative
Wrong items delivered! I ordered Sandwich but got something else. 😡,1,Negative
Customer support is non-existent. No one helped with my cold food. 😡,2,Negative
Customer support is non-existent. No one helped with my cold food. 😡,1,Negative
Wrong items delivered! I ordered Pasta but got something else. 😡,2,Negative
The delivery partner was very soggy and didn't follow instructions. 😒,1,Negative
The delivery partner was very rude and didn't follow instructions. 😒,2,Negative
Wrong items delivered! I ordered Cold Coffee but got something else. 😡,1,Negative
The delivery partner was very stale and didn't follow instructions. 😒,2,Negative
"Food quality was disgusting, won't order again. 😡",2,Negative
Wrong items delivered! I ordered Salad but got something else. 😡,1,Negative
"Food quality was disgusting, won't order again. 😡",2,Negative
App kept crashing while I was trying to pay. Very frustrating. 😒,1,Negative
The delivery partner was very rude and didn't follow instructions. 😒,1,Negative
The delivery partner was very stale and didn't follow instructions. 😒,2,Negative
Extremely disappointed. My order from Healthy Bowls was late by an hour. 😒,1,Negative
"Hidden charges in the bill, the pricing is not transparent. 😡",1,Negative
App kept crashing while I was trying to pay. Very frustrating. 😒,2,Negative
The Pizza was absolutely worst and messy. 😡,2,Negative
Wrong items delivered! I ordered Salad but got something else. 😡,1,Negative
The Pizza was absolutely worst and unprofessional. 😡,2,Negative
I will never order from Pizza Corner again. Total waste of money. 😒,1,Negative
I will never order from Burger King again. Total waste of money. 😒,1,Negative
The delivery partner was very leaked and didn't follow instructions. 😒,2,Negative
Worst experience ever! Dosa was pathetic. 😡,1,Negative
I will never order from Taco Town again. Total waste of money. 😒,1,Negative
The Sandwich was absolutely worst and stale. 😡,2,Negative
"Hidden charges in the bill, the pricing is not transparent. 😡",2,Negative
Refund process is taking forever for my cancelled order. 😡,1,Negative
"Hidden charges in the bill, the pricing is not transparent. 😡",1,Negative
The Pasta was absolutely horrible and rude. 😡,2,Negative
The Salad was cold and the packaging was completely soggy. 😡,1,Negative
Worst experience ever! Dessert was awful. 😡,2,Negative
The Pizza was absolutely pathetic and messy. 😡,1,Negative
The Dessert was cold and the packaging was completely unprofessional. 😡,1,Negative
Refund process is taking forever for my cancelled order. 😡,2,Negative
Tired of consistent delays from this restaurant. 😡,2,Negative
The Sandwich tasted unprofessional and was not fresh at all. 😒,2,Negative
Worst experience ever! Cold Coffee was horrible. 😡,1,Negative
App kept crashing while I was trying to pay. Very frustrating. 😒,2,Negative
App kept crashing while I was trying to pay. Very frustrating. 😒,2,Negative
Extremely disappointed. My order from Taco Town was delayed by an hour. 😒,1,Negative
Tired of consistent delays from this restaurant. 😡,1,Negative
Tired of consistent delays from this restaurant. 😡,1,Negative
"Hidden charges in the bill, the pricing is not transparent. 😡",2,Negative
The delivery partner was very messy and didn't follow instructions. 😒,2,Negative
Refund process is taking forever for my cancelled order. 😡,1,Negative
Refund process is taking forever for my cancelled order. 😡,1,Negative
The Salad tasted soggy and was not fresh at all. 😒,1,Negative
The delivery partner was very unprofessional and didn't follow instructions. 😒,2,Negative
Wrong items delivered! I ordered Pasta but got something else. 😡,1,Negative
The Cold Coffee was absolutely horrible and messy. 😡,2,Negative
Wrong items delivered! I ordered Salad but got something else. 😡,2,Negative
The Cold Coffee was cold and the packaging was completely stale. 😡,1,Negative
The Dosa was cold and the packaging was completely soggy. 😡,1,Negative
Tired of consistent delays from this restaurant. 😡,1,Negative
The Biryani was cold and the packaging was completely stale. 😡,2,Negative
The Pizza was absolutely horrible and stale. 😡,1,Negative
Wrong items delivered! I ordered Pasta but got something else. 😡,1,Negative
"Food quality was terrible, won't order again. 😡",1,Negative
Tired of consistent delays from this restaurant. 😡,1,Negative
I will never order from Healthy Bowls again. Total waste of money. 😒,1,Negative
The Dessert was absolutely awful and messy. 😡,2,Negative
I will never order from Taco Town again. Total waste of money. 😒,1,Negative
Extremely disappointed. My order from South Indian Express was early by an hour. 😒,1,Negative
"Hidden charges in the bill, the pricing is not transparent. 😡",2,Negative
Tired of consistent delays from this restaurant. 😡,1,Negative
Extremely disappointed. My order from Healthy Bowls was delayed by an hour. 😒,1,Negative
Tired of consistent delays from this restaurant. 😡,2,Negative
"Food quality was horrible, won't order again. 😡",1,Negative
Worst experience ever! Cold Coffee was worst. 😡,2,Negative
Tired of consistent delays from this restaurant. 😡,2,Negative
Refund process is taking forever for my cancelled order. 😡,2,Negative
The Sandwich was cold and the packaging was completely soggy. 😡,1,Negative
I will never order from South Indian Express again. Total waste of money. 😒,2,Negative
The delivery partner was very leaked and didn't follow instructions. 😒,1,Negative
Worst experience ever! Dosa was pathetic. 😡,2,Negative
The Dosa tasted soggy and was not fresh at all. 😒,2,Negative
The delivery partner was very leaked and didn't follow instructions. 😒,2,Negative
Worst experience ever! Pasta was awful. 😡,1,Negative
App kept crashing while I was trying to pay. Very frustrating. 😒,2,Negative
Extremely disappointed. My order from Taco Town was on time by an hour. 😒,2,Negative
The delivery partner was very soggy and didn't follow instructions. 😒,2,Negative
The delivery partner was very rude and didn't follow instructions. 😒,2,Negative
I will never order from Burger King again. Total waste of money. 😒,1,Negative
Wrong items delivered! I ordered Cold Coffee but got something else. 😡,1,Negative
Worst experience ever! Biryani was worst. 😡,1,Negative
App kept crashing while I was trying to pay. Very frustrating. 😒,1,Negative
Wrong items delivered! I ordered Dosa but got something else. 😡,2,Negative
The delivery partner was very leaked and didn't follow instructions. 😒,2,Negative
Customer support is non-existent. No one helped with my missing item. 😡,1,Negative
Extremely disappointed. My order from Biryani House was on time by an hour. 😒,2,Negative
The Pasta tasted messy and was not fresh at all. 😒,2,Negative
The Salad tasted unprofessional and was not fresh at all. 😒,1,Negative
The Pasta was absolutely awful and rude. 😡,2,Negative
Refund process is taking forever for my cancelled order. 😡,2,Negative
Worst experience ever! Sandwich was worst. 😡,1,Negative
Wrong items delivered! I ordered Biryani but got something else. 😡,2,Negative
"Food quality was horrible, won't order again. 😡",1,Negative
"Hidden charges in the bill, the pricing is not transparent. 😡",2,Negative
"Hidden charges in the bill, the pricing is not transparent. 😡",1,Negative
The delivery partner was very stale and didn't follow instructions. 😒,2,Negative
The Sandwich was cold and the packaging was completely messy. 😡,1,Negative
Refund process is taking forever for my cancelled order. 😡,1,Negative
App kept crashing while I was trying to pay. Very frustrating. 😒,2,Negative
The Dosa tasted messy and was not fresh at all. 😒,1,Negative
Tired of consistent delays from this restaurant. 😡,1,Negative
Wrong items delivered! I ordered Salad but got something else. 😡,1,Negative
I will never order from Biryani House again. Total waste of money. 😒,2,Negative
Tired of consistent delays from this restaurant. 😡,2,Negative
Customer support is non-existent. No one helped with my missing item. 😡,2,Negative
I will never order from Biryani House again. Total waste of money. 😒,1,Negative
Extremely disappointed. My order from Healthy Bowls was right when expected by an hour. 😒,2,Negative
App kept crashing while I was trying to pay. Very frustrating. 😒,1,Negative
The delivery partner was very unprofessional and didn't follow instructions. 😒,2,Negative
"Food quality was pathetic, won't order again. 😡",1,Negative
The Dosa was cold and the packaging was completely leaked. 😡,1,Negative
Refund process is taking forever for my cancelled order. 😡,2,Negative
"Hidden charges in the bill, the pricing is not transparent. 😡",1,Negative
Tired of consistent delays from this restaurant. 😡,1,Negative
The Biryani was cold and the packaging was completely soggy. 😡,1,Negative
Refund process is taking forever for my cancelled order. 😡,2,Negative
Wrong items delivered! I ordered Sandwich but got something else. 😡,1,Negative
Extremely disappointed. My order from Burger King was late by an hour. 😒,1,Negative
Customer support is non-existent. No one helped with my wrong address. 😡,2,Negative
"Hidden charges in the bill, the pricing is not transparent. 😡",2,Negative
I will never order from Biryani House again. Total waste of money. 😒,1,Negative
The Dosa tasted messy and was not fresh at all. 😒,2,Negative
"Food quality was terrible, won't order again. 😡",1,Negative
"Hidden charges in the bill, the pricing is not transparent. 😡",1,Negative
Worst experience ever! Salad was worst. 😡,1,Negative
Extremely disappointed. My order from Healthy Bowls was right when expected by an hour. 😒,2,Negative
Extremely disappointed. My order from Burger King was on time by an hour. 😒,1,Negative
I will never order from Burger King again. Total waste of money. 😒,2,Negative
"Hidden charges in the bill, the pricing is not transparent. 😡",1,Negative
Tired of consistent delays from this restaurant. 😡,1,Negative
Refund process is taking forever for my cancelled order. 😡,1,Negative
Customer support is non-existent. No one helped with my wrong address. 😡,2,Negative
App kept crashing while I was trying to pay. Very frustrating. 😒,1,Negative
The Pizza tasted messy and was not fresh at all. 😒,1,Negative
Wrong items delivered! I ordered Sandwich but got something else. 😡,1,Negative
I will never order from Pizza Corner again. Total waste of money. 😒,2,Negative
The delivery partner was very soggy and didn't follow instructions. 😒,1,Negative
"Hidden charges in the bill, the pricing is not transparent. 😡",1,Negative
App kept crashing while I was trying to pay. Very frustrating. 😒,2,Negative
The Biryani was cold and the packaging was completely unprofessional. 😡,2,Negative
I will never order from South Indian Express again. Total waste of money. 😒,2,Negative
The Cold Coffee tasted soggy and was not fresh at all. 😒,2,Negative
"Food quality was disgusting, won't order again. 😡",1,Negative
"Food quality was worst, won't order again. 😡",1,Negative
The Biryani was cold and the packaging was completely unprofessional. 😡,1,Negative
The Sandwich tasted rude and was not fresh at all. 😒,2,Negative
Refund process is taking forever for my cancelled order. 😡,2,Negative
App kept crashing while I was trying to pay. Very frustrating. 😒,2,Negative
The Dessert tasted unprofessional and was not fresh at all. 😒,1,Negative
"Food quality was worst, won't order again. 😡",1,Negative
Wrong items delivered! I ordered Pizza but got something else. 😡,2,Negative
The delivery partner was very unprofessional and didn't follow instructions. 😒,2,Negative
App kept crashing while I was trying to pay. Very frustrating. 😒,2,Negative
Tired of consistent delays from this restaurant. 😡,1,Negative
Wrong items delivered! I ordered Dessert but got something else. 😡,1,Negative
The Dessert tasted unprofessional and was not fresh at all. 😒,2,Negative
App kept crashing while I was trying to pay. Very frustrating. 😒,2,Negative
"Hidden charges in the bill, the pricing is not transparent. 😡",2,Negative
Customer support is non-existent. No one helped with my missing item. 😡,2,Negative
The Salad was cold and the packaging was completely leaked. 😡,1,Negative
"Food quality was awful, won't order again. 😡",1,Negative
The Sandwich was absolutely worst and stale. 😡,1,Negative
The Pasta was absolutely disgusting and rude. 😡,1,Negative
"Food quality was worst, won't order again. 😡",1,Negative
The Salad was cold and the packaging was completely unprofessional. 😡,1,Negative
Extremely disappointed. My order from Healthy Bowls was early by an hour. 😒,2,Negative
The delivery partner was very stale and didn't follow instructions. 😒,1,Negative
The Salad was absolutely pathetic and leaked. 😡,2,Negative
Customer support is non-existent. No one helped with my wrong address. 😡,1,Negative
"Hidden charges in the bill, the pricing is not transparent. 😡",1,Negative
App kept crashing while I was trying to pay. Very frustrating. 😒,1,Negative
The Dessert tasted messy and was not fresh at all. 😒,2,Negative
The Biryani was cold and the packaging was completely unprofessional. 😡,1,Negative
Wrong items delivered! I ordered Cold Coffee but got something else. 😡,2,Negative
App kept crashing while I was trying to pay. Very frustrating. 😒,2,Negative
The Biryani was cold and the packaging was completely messy. 😡,1,Negative
The delivery partner was very unprofessional and didn't follow instructions. 😒,2,Negative
I will never order from Taco Town again. Total waste of money. 😒,2,Negative
Tired of consistent delays from this restaurant. 😡,1,Negative
App kept crashing while I was trying to pay. Very frustrating. 😒,2,Negative
Customer support is non-existent. No one helped with my spilled drink. 😡,1,Negative
App kept crashing while I was trying to pay. Very frustrating. 😒,1,Negative
App kept crashing while I was trying to pay. Very frustrating. 😒,1,Negative
Extremely disappointed. My order from Taco Town was late by an hour. 😒,2,Negative
App kept crashing while I was trying to pay. Very frustrating. 😒,2,Negative
"Food quality was pathetic, won't order again. 😡",2,Negative
Extremely disappointed. My order from Burger King was early by an hour. 😒,1,Negative
"Food quality was horrible, won't order again. 😡",2,Negative
Worst experience ever! Sandwich was worst. 😡,1,Negative
The Dessert tasted messy and was not fresh at all. 😒,1,Negative
"Food quality was horrible, won't order again. 😡",2,Negative
Tired of consistent delays from this restaurant. 😡,2,Negative
Refund process is taking forever for my cancelled order. 😡,2,Negative
"Food quality was horrible, won't order again. 😡",2,Negative
Wrong items delivered! I ordered Dessert but got something else. 😡,1,Negative
The delivery partner was very rude and didn't follow instructions. 😒,1,Negative
The Sandwich was absolutely worst and unprofessional. 😡,2,Negative
Extremely disappointed. My order from Burger King was early by an hour. 😒,2,Negative
I will never order from Burger King again. Total waste of money. 😒,2,Negative
Extremely disappointed. My order from Taco Town was on time by an hour. 😒,1,Negative
The Cold Coffee tasted rude and was not fresh at all. 😒,2,Negative
"Hidden charges in the bill, the pricing is not transparent. 😡",2,Negative
Wrong items delivered! I ordered Pasta but got something else. 😡,1,Negative
The Dessert was absolutely awful and leaked. 😡,1,Negative
The Cold Coffee was absolutely disgusting and messy. 😡,1,Negative
Extremely disappointed. My order from Pizza Corner was on time by an hour. 😒,2,Negative
Extremely disappointed. My order from Pizza Corner was late by an hour. 😒,1,Negative
The Sandwich was absolutely horrible and soggy. 😡,2,Negative
The Biryani was cold and the packaging was completely rude. 😡,1,Negative
App kept crashing while I was trying to pay. Very frustrating. 😒,1,Negative
The Dessert was cold and the packaging was completely soggy. 😡,1,Negative
The Salad was absolutely pathetic and leaked. 😡,2,Negative
Tired of consistent delays from this restaurant. 😡,2,Negative
Refund process is taking forever for my cancelled order. 😡,2,Negative
Extremely disappointed. My order from Healthy Bowls was early by an hour. 😒,2,Negative
"Hidden charges in the bill, the pricing is not transparent. 😡",2,Negative
I will never order from Burger King again. Total waste of money. 😒,1,Negative
"Food quality was horrible, won't order again. 😡",2,Negative
Worst experience ever! Dessert was horrible. 😡,2,Negative
The delivery partner was very messy and didn't follow instructions. 😒,2,Negative
Extremely disappointed. My order from Burger King was on time by an hour. 😒,1,Negative
The delivery partner was very stale and didn't follow instructions. 😒,1,Negative
Tired of consistent delays from this restaurant. 😡,2,Negative
The Pasta was cold and the packaging was completely soggy. 😡,1,Negative
"Food quality was terrible, won't order again. 😡",1,Negative
"Hidden charges in the bill, the pricing is not transparent. 😡",2,Negative
"Hidden charges in the bill, the pricing is not transparent. 😡",1,Negative
"Food quality was disgusting, won't order again. 😡",1,Negative
Tired of consistent delays from this restaurant. 😡,1,Negative
Worst experience ever! Dosa was horrible. 😡,1,Negative
The Cold Coffee was cold and the packaging was completely stale. 😡,2,Negative
The delivery partner was very stale and didn't follow instructions. 😒,1,Negative
Tired of consistent delays from this restaurant. 😡,2,Negative
The Dosa tasted unprofessional and was not fresh at all. 😒,2,Negative
Refund process is taking forever for my cancelled order. 😡,2,Negative
"Hidden charges in the bill, the pricing is not transparent. 😡",2,Negative
Customer support is non-existent. No one helped with my spilled drink. 😡,2,Negative
Refund process is taking forever for my cancelled order. 😡,2,Negative
"Hidden charges in the bill, the pricing is not transparent. 😡",2,Negative
The Dosa was cold and the packaging was completely messy. 😡,2,Negative
"Food quality was disgusting, won't order again. 😡",1,Negative
Customer support is non-existent. No one helped with my cold food. 😡,1,Negative
Wrong items delivered! I ordered Dessert but got something else. 😡,1,Negative
The Biryani tasted leaked and was not fresh at all. 😒,1,Negative
The delivery partner was very messy and didn't follow instructions. 😒,1,Negative
Customer support is non-existent. No one helped with my cold food. 😡,2,Negative
Tired of consistent delays from this restaurant. 😡,1,Negative
The Salad tasted unprofessional and was not fresh at all. 😒,2,Negative
The Salad was absolutely pathetic and leaked. 😡,2,Negative
I will never order from South Indian Express again. Total waste of money. 😒,2,Negative
Refund process is taking forever for my cancelled order. 😡,2,Negative
App kept crashing while I was trying to pay. Very frustrating. 😒,1,Negative
Refund process is taking forever for my cancelled order. 😡,1,Negative
"Hidden charges in the bill, the pricing is not transparent. 😡",2,Negative
"Food quality was terrible, won't order again. 😡",2,Negative
App kept crashing while I was trying to pay. Very frustrating. 😒,2,Negative
"Fairly priced food, but the delivery fee is a bit high.",3,Neutral
"Standard delivery, no issues but no surprises either.",3,Neutral
"Delivery was on time, but the map tracking was a bit glitchy.",3,Neutral
"Delivery was on time, but the map tracking was a bit glitchy.",3,Neutral
Average experience. The Pasta was decent but could be better.,3,Neutral
"Decent variety of restaurants, but many are currently unavailable.",3,Neutral
"Fairly priced food, but the delivery fee is a bit high.",3,Neutral
"Standard delivery, no issues but no surprises either.",3,Neutral
"The food was okay, nothing special but delivery was early.",3,Neutral
"The Pizza was good, however the portion size was a bit small.",3,Neutral
Everything was fine but the delivery partner took a while to find the landmark.,3,Neutral
"The restaurant forgot the extra ketchup, but the main meal was fine.",3,Neutral
Average experience. The Pasta was decent but could be better.,3,Neutral
Everything was fine but the delivery partner took a while to find the apartment.,3,Neutral
Everything was fine but the delivery partner took a while to find the building.,3,Neutral
"The Salad was good, however the portion size was a bit small.",3,Neutral
"The food was okay, nothing special but delivery was early.",3,Neutral
Everything was fine but the delivery partner took a while to find the building.,3,Neutral
Average experience. The Pasta was decent but could be better.,3,Neutral
Everything was fine but the delivery partner took a while to find the landmark.,3,Neutral
Everything was fine but the delivery partner took a while to find the apartment.,3,Neutral
"The restaurant forgot the extra ketchup, but the main meal was fine.",3,Neutral
"Fairly priced food, but the delivery fee is a bit high.",3,Neutral
"The restaurant forgot the extra ketchup, but the main meal was fine.",3,Neutral
"Decent variety of restaurants, but many are currently unavailable.",3,Neutral
"The Pizza was good, however the portion size was a bit small.",3,Neutral
"Standard delivery, no issues but no surprises either.",3,Neutral
"The restaurant forgot the extra spoons, but the main meal was fine.",3,Neutral
"Fairly priced food, but the delivery fee is a bit high.",3,Neutral
"Fairly priced food, but the delivery fee is a bit high.",3,Neutral
"The restaurant forgot the extra spoons, but the main meal was fine.",3,Neutral
"The Dosa was good, however the portion size was a bit small.",3,Neutral
"Decent variety of restaurants, but many are currently unavailable.",3,Neutral
"Delivery was on time, but the map tracking was a bit glitchy.",3,Neutral
"The Biryani was good, however the portion size was a bit small.",3,Neutral
"The Dosa was good, however the portion size was a bit small.",3,Neutral
Average experience. The Cold Coffee was decent but could be better.,3,Neutral
"The restaurant forgot the extra oregano, but the main meal was fine.",3,Neutral
Average experience. The Sandwich was decent but could be better.,3,Neutral
"The food was okay, nothing special but delivery was right when expected.",3,Neutral
"The Dosa was good, however the portion size was a bit small.",3,Neutral
Everything was fine but the delivery partner took a while to find the gate.,3,Neutral
"It's an okay app, does the job but has some minor bugs.",3,Neutral
Everything was fine but the delivery partner took a while to find the landmark.,3,Neutral
"It's an okay app, does the job but has some minor bugs.",3,Neutral
"Standard delivery, no issues but no surprises either.",3,Neutral
"The restaurant forgot the extra ketchup, but the main meal was fine.",3,Neutral
"It's an okay app, does the job but has some minor bugs.",3,Neutral
"Decent variety of restaurants, but many are currently unavailable.",3,Neutral
"The food was okay, nothing special but delivery was right when expected.",3,Neutral
"Fairly priced food, but the delivery fee is a bit high.",3,Neutral
"The Pizza was good, however the portion size was a bit small.",3,Neutral
Average experience. The Pasta was decent but could be better.,3,Neutral
"The food was okay, nothing special but delivery was delayed.",3,Neutral
Average experience. The Cold Coffee was decent but could be better.,3,Neutral
"Fairly priced food, but the delivery fee is a bit high.",3,Neutral
"The Sandwich was good, however the portion size was a bit small.",3,Neutral
Everything was fine but the delivery partner took a while to find the building.,3,Neutral
"The restaurant forgot the extra spoons, but the main meal was fine.",3,Neutral
"The Dosa was good, however the portion size was a bit small.",3,Neutral
"The restaurant forgot the extra tissues, but the main meal was fine.",3,Neutral
Everything was fine but the delivery partner took a while to find the building.,3,Neutral
"The food was okay, nothing special but delivery was right when expected.",3,Neutral
"Standard delivery, no issues but no surprises either.",3,Neutral
"Fairly priced food, but the delivery fee is a bit high.",3,Neutral
"Fairly priced food, but the delivery fee is a bit high.",3,Neutral
"Delivery was on time, but the map tracking was a bit glitchy.",3,Neutral
"The restaurant forgot the extra ketchup, but the main meal was fine.",3,Neutral
Average experience. The Salad was decent but could be better.,3,Neutral
"Fairly priced food, but the delivery fee is a bit high.",3,Neutral
"The Pasta was good, however the portion size was a bit small.",3,Neutral
Average experience. The Sandwich was decent but could be better.,3,Neutral
Average experience. The Cold Coffee was decent but could be better.,3,Neutral
"Fairly priced food, but the delivery fee is a bit high.",3,Neutral
"Decent variety of restaurants, but many are currently unavailable.",3,Neutral
"The Sandwich was good, however the portion size was a bit small.",3,Neutral
Everything was fine but the delivery partner took a while to find the gate.,3,Neutral
"The restaurant forgot the extra tissues, but the main meal was fine.",3,Neutral
"Standard delivery, no issues but no surprises either.",3,Neutral
Everything was fine but the delivery partner took a while to find the landmark.,3,Neutral
Average experience. The Salad was decent but could be better.,3,Neutral
"The food was okay, nothing special but delivery was right when expected.",3,Neutral
"Fairly priced food, but the delivery fee is a bit high.",3,Neutral
"Fairly priced food, but the delivery fee is a bit high.",3,Neutral
"The Pasta was good, however the portion size was a bit small.",3,Neutral
Average experience. The Sandwich was decent but could be better.,3,Neutral
"Delivery was on time, but the map tracking was a bit glitchy.",3,Neutral
"Decent variety of restaurants, but many are currently unavailable.",3,Neutral
"Delivery was on time, but the map tracking was a bit glitchy.",3,Neutral
"Standard delivery, no issues but no surprises either.",3,Neutral
"It's an okay app, does the job but has some minor bugs.",3,Neutral
"Standard delivery, no issues but no surprises either.",3,Neutral
Everything was fine but the delivery partner took a while to find the apartment.,3,Neutral
Everything was fine but the delivery partner took a while to find the building.,3,Neutral
"Standard delivery, no issues but no surprises either.",3,Neutral
Everything was fine but the delivery partner took a while to find the landmark.,3,Neutral
"Delivery was on time, but the map tracking was a bit glitchy.",3,Neutral
"The Pasta was good, however the portion size was a bit small.",3,Neutral
"Delivery was on time, but the map tracking was a bit glitchy.",3,Neutral
"The Salad was good, however the portion size was a bit small.",3,Neutral
"The food was okay, nothing special but delivery was delayed.",3,Neutral
"The restaurant forgot the extra ketchup, but the main meal was fine.",3,Neutral
"The restaurant forgot the extra spoons, but the main meal was fine.",3,Neutral
"The restaurant forgot the extra spoons, but the main meal was fine.",3,Neutral
"Standard delivery, no issues but no surprises either.",3,Neutral
"Fairly priced food, but the delivery fee is a bit high.",3,Neutral
Average experience. The Salad was decent but could be better.,3,Neutral
"The Dosa was good, however the portion size was a bit small.",3,Neutral
"The restaurant forgot the extra ketchup, but the main meal was fine.",3,Neutral
Average experience. The Biryani was decent but could be better.,3,Neutral
"The restaurant forgot the extra tissues, but the main meal was fine.",3,Neutral
Everything was fine but the delivery partner took a while to find the apartment.,3,Neutral
"It's an okay app, does the job but has some minor bugs.",3,Neutral
"Decent variety of restaurants, but many are currently unavailable.",3,Neutral
"It's an okay app, does the job but has some minor bugs.",3,Neutral
Average experience. The Sandwich was decent but could be better.,3,Neutral
"Standard delivery, no issues but no surprises either.",3,Neutral
"It's an okay app, does the job but has some minor bugs.",3,Neutral
"Fairly priced food, but the delivery fee is a bit high.",3,Neutral
"Standard delivery, no issues but no surprises either.",3,Neutral
"The Pizza was good, however the portion size was a bit small.",3,Neutral
Everything was fine but the delivery partner took a while to find the gate.,3,Neutral
Everything was fine but the delivery partner took a while to find the apartment.,3,Neutral
"Standard delivery, no issues but no surprises either.",3,Neutral
"The food was okay, nothing special but delivery was right when expected.",3,Neutral
"Decent variety of restaurants, but many are currently unavailable.",3,Neutral
"The restaurant forgot the extra oregano, but the main meal was fine.",3,Neutral
Everything was fine but the delivery partner took a while to find the building.,3,Neutral
"Decent variety of restaurants, but many are currently unavailable.",3,Neutral
"The restaurant forgot the extra tissues, but the main meal was fine.",3,Neutral
"Delivery was on time, but the map tracking was a bit glitchy.",3,Neutral
"The Cold Coffee was good, however the portion size was a bit small.",3,Neutral
"Standard delivery, no issues but no surprises either.",3,Neutral
Everything was fine but the delivery partner took a while to find the gate.,3,Neutral
"The food was okay, nothing special but delivery was right when expected.",3,Neutral
"It's an okay app, does the job but has some minor bugs.",3,Neutral
"Fairly priced food, but the delivery fee is a bit high.",3,Neutral
"Standard delivery, no issues but no surprises either.",3,Neutral
"The restaurant forgot the extra ketchup, but the main meal was fine.",3,Neutral
"The restaurant forgot the extra ketchup, but the main meal was fine.",3,Neutral
"The Dosa was good, however the portion size was a bit small.",3,Neutral
"Delivery was on time, but the map tracking was a bit glitchy.",3,Neutral
"The food was okay, nothing special but delivery was on time.",3,Neutral
"Decent variety of restaurants, but many are currently unavailable.",3,Neutral
"Delivery was on time, but the map tracking was a bit glitchy.",3,Neutral
"The restaurant forgot the extra oregano, but the main meal was fine.",3,Neutral
Everything was fine but the delivery partner took a while to find the gate.,3,Neutral
Average experience. The Sandwich was decent but could be better.,3,Neutral
Average experience. The Pasta was decent but could be better.,3,Neutral
"The food was okay, nothing special but delivery was right when expected.",3,Neutral
"The Dosa was good, however the portion size was a bit small.",3,Neutral
"The Cold Coffee was good, however the portion size was a bit small.",3,Neutral
"The Cold Coffee was good, however the portion size was a bit small.",3,Neutral
Average experience. The Dessert was decent but could be better.,3,Neutral
"Decent variety of restaurants, but many are currently unavailable.",3,Neutral
"Decent variety of restaurants, but many are currently unavailable.",3,Neutral
"It's an okay app, does the job but has some minor bugs.",3,Neutral
"Delivery was on time, but the map tracking was a bit glitchy.",3,Neutral
"Fairly priced food, but the delivery fee is a bit high.",3,Neutral
"The Sandwich was good, however the portion size was a bit small.",3,Neutral
"It's an okay app, does the job but has some minor bugs.",3,Neutral
"The food was okay, nothing special but delivery was late.",3,Neutral
"Standard delivery, no issues but no surprises either.",3,Neutral
"Standard delivery, no issues but no surprises either.",3,Neutral
"Fairly priced food, but the delivery fee is a bit high.",3,Neutral
"The food was okay, nothing special but delivery was on time.",3,Neutral
"Fairly priced food, but the delivery fee is a bit high.",3,Neutral
Everything was fine but the delivery partner took a while to find the apartment.,3,Neutral
"Fairly priced food, but the delivery fee is a bit high.",3,Neutral
"The restaurant forgot the extra ketchup, but the main meal was fine.",3,Neutral
Average experience. The Dessert was decent but could be better.,3,Neutral
"Decent variety of restaurants, but many are currently unavailable.",3,Neutral
"Standard delivery, no issues but no surprises either.",3,Neutral
"Decent variety of restaurants, but many are currently unavailable.",3,Neutral
"The restaurant forgot the extra ketchup, but the main meal was fine.",3,Neutral
"The food was okay, nothing special but delivery was on time.",3,Neutral
"Fairly priced food, but the delivery fee is a bit high.",3,Neutral
Everything was fine but the delivery partner took a while to find the landmark.,3,Neutral
"It's an okay app, does the job but has some minor bugs.",3,Neutral
"Delivery was on time, but the map tracking was a bit glitchy.",3,Neutral
Average experience. The Pasta was decent but could be better.,3,Neutral
"The Cold Coffee was good, however the portion size was a bit small.",3,Neutral
"The Dessert was good, however the portion size was a bit small.",3,Neutral
Average experience. The Dessert was decent but could be better.,3,Neutral
"Decent variety of restaurants, but many are currently unavailable.",3,Neutral
"It's an okay app, does the job but has some minor bugs.",3,Neutral
"Delivery was on time, but the map tracking was a bit glitchy.",3,Neutral
"Standard delivery, no issues but no surprises either.",3,Neutral
"The food was okay, nothing special but delivery was late.",3,Neutral
"Delivery was on time, but the map tracking was a bit glitchy.",3,Neutral
"Fairly priced food, but the delivery fee is a bit high.",3,Neutral
"Standard delivery, no issues but no surprises either.",3,Neutral
Everything was fine but the delivery partner took a while to find the building.,3,Neutral
"Fairly priced food, but the delivery fee is a bit high.",3,Neutral
"Decent variety of restaurants, but many are currently unavailable.",3,Neutral
"Decent variety of restaurants, but many are currently unavailable.",3,Neutral
"Decent variety of restaurants, but many are currently unavailable.",3,Neutral
"Fairly priced food, but the delivery fee is a bit high.",3,Neutral
Average experience. The Cold Coffee was decent but could be better.,3,Neutral
"The Dessert was good, however the portion size was a bit small.",3,Neutral
"Decent variety of restaurants, but many are currently unavailable.",3,Neutral
"Fairly priced food, but the delivery fee is a bit high.",3,Neutral
"It's an okay app, does the job but has some minor bugs.",3,Neutral
"The food was okay, nothing special but delivery was delayed.",3,Neutral
"Delivery was on time, but the map tracking was a bit glitchy.",3,Neutral
Everything was fine but the delivery partner took a while to find the landmark.,3,Neutral
"Fairly priced food, but the delivery fee is a bit high.",3,Neutral
"The food was okay, nothing special but delivery was early.",3,Neutral
"Decent variety of restaurants, but many are currently unavailable.",3,Neutral
"Decent variety of restaurants, but many are currently unavailable.",3,Neutral
"Fairly priced food, but the delivery fee is a bit high.",3,Neutral
"The restaurant forgot the extra spoons, but the main meal was fine.",3,Neutral
"Decent variety of restaurants, but many are currently unavailable.",3,Neutral
"Fairly priced food, but the delivery fee is a bit high.",3,Neutral
"The food was okay, nothing special but delivery was late.",3,Neutral
"Delivery was on time, but the map tracking was a bit glitchy.",3,Neutral
"It's an okay app, does the job but has some minor bugs.",3,Neutral
"The Biryani was good, however the portion size was a bit small.",3,Neutral
"Delivery was on time, but the map tracking was a bit glitchy.",3,Neutral
"The Pasta was good, however the portion size was a bit small.",3,Neutral
"Delivery was on time, but the map tracking was a bit glitchy.",3,Neutral
"Delivery was on time, but the map tracking was a bit glitchy.",3,Neutral
"Delivery was on time, but the map tracking was a bit glitchy.",3,Neutral
Average experience. The Dosa was decent but could be better.,3,Neutral
"Fairly priced food, but the delivery fee is a bit high.",3,Neutral
"Decent variety of restaurants, but many are currently unavailable.",3,Neutral
"Decent variety of restaurants, but many are currently unavailable.",3,Neutral
"Decent variety of restaurants, but many are currently unavailable.",3,Neutral
"Fairly priced food, but the delivery fee is a bit high.",3,Neutral
"Decent variety of restaurants, but many are currently unavailable.",3,Neutral
Everything was fine but the delivery partner took a while to find the building.,3,Neutral
"Standard delivery, no issues but no surprises either.",3,Neutral
"The Pasta was good, however the portion size was a bit small.",3,Neutral
Everything was fine but the delivery partner took a while to find the gate.,3,Neutral
Average experience. The Pizza was decent but could be better.,3,Neutral
"Decent variety of restaurants, but many are currently unavailable.",3,Neutral
"Fairly priced food, but the delivery fee is a bit high.",3,Neutral
"It's an okay app, does the job but has some minor bugs.",3,Neutral
"It's an okay app, does the job but has some minor bugs.",3,Neutral
"Standard delivery, no issues but no surprises either.",3,Neutral
"The Pizza was good, however the portion size was a bit small.",3,Neutral
"Standard delivery, no issues but no surprises either.",3,Neutral
"The Sandwich was good, however the portion size was a bit small.",3,Neutral
"Delivery was on time, but the map tracking was a bit glitchy.",3,Neutral
Average experience. The Pasta was decent but could be better.,3,Neutral
"Standard delivery, no issues but no surprises either.",3,Neutral
"The food was okay, nothing special but delivery was early.",3,Neutral
"The Biryani was good, however the portion size was a bit small.",3,Neutral
"Standard delivery, no issues but no surprises either.",3,Neutral
"Delivery was on time, but the map tracking was a bit glitchy.",3,Neutral
Average experience. The Dessert was decent but could be better.,3,Neutral
Everything was fine but the delivery partner took a while to find the landmark.,3,Neutral
Average experience. The Dosa was decent but could be better.,3,Neutral
"The restaurant forgot the extra tissues, but the main meal was fine.",3,Neutral
Everything was fine but the delivery partner took a while to find the apartment.,3,Neutral
"Delivery was on time, but the map tracking was a bit glitchy.",3,Neutral
Everything was fine but the delivery partner took a while to find the landmark.,3,Neutral
"Delivery was on time, but the map tracking was a bit glitchy.",3,Neutral
"Standard delivery, no issues but no surprises either.",3,Neutral
"Delivery was on time, but the map tracking was a bit glitchy.",3,Neutral
"The Cold Coffee was good, however the portion size was a bit small.",3,Neutral
"Decent variety of restaurants, but many are currently unavailable.",3,Neutral
Everything was fine but the delivery partner took a while to find the gate.,3,Neutral
"The food was okay, nothing special but delivery was early.",3,Neutral
"The food was okay, nothing special but delivery was early.",3,Neutral
"Delivery was on time, but the map tracking was a bit glitchy.",3,Neutral
Everything was fine but the delivery partner took a while to find the gate.,3,Neutral
"Decent variety of restaurants, but many are currently unavailable.",3,Neutral
Everything was fine but the delivery partner took a while to find the gate.,3,Neutral
Everything was fine but the delivery partner took a while to find the gate.,3,Neutral
"Standard delivery, no issues but no surprises either.",3,Neutral
"Delivery was on time, but the map tracking was a bit glitchy.",3,Neutral
"Delivery was on time, but the map tracking was a bit glitchy.",3,Neutral
Everything was fine but the delivery partner took a while to find the gate.,3,Neutral
"Standard delivery, no issues but no surprises either.",3,Neutral
"The Salad was good, however the portion size was a bit small.",3,Neutral
"The food was okay, nothing special but delivery was late.",3,Neutral
"The Cold Coffee was good, however the portion size was a bit small.",3,Neutral
Average experience. The Biryani was decent but could be better.,3,Neutral
"The Pizza was good, however the portion size was a bit small.",3,Neutral
"Standard delivery, no issues but no surprises either.",3,Neutral
Average experience. The Biryani was decent but could be better.,3,Neutral
"The food was okay, nothing special but delivery was late.",3,Neutral
"Decent variety of restaurants, but many are currently unavailable.",3,Neutral
"Standard delivery, no issues but no surprises either.",3,Neutral
"The Sandwich was good, however the portion size was a bit small.",3,Neutral
Everything was fine but the delivery partner took a while to find the landmark.,3,Neutral
"Decent variety of restaurants, but many are currently unavailable.",3,Neutral
"Standard delivery, no issues but no surprises either.",3,Neutral
"Delivery was on time, but the map tracking was a bit glitchy.",3,Neutral
"The Cold Coffee was good, however the portion size was a bit small.",3,Neutral
"Decent variety of restaurants, but many are currently unavailable.",3,Neutral
Everything was fine but the delivery partner took a while to find the landmark.,3,Neutral
"The food was okay, nothing special but delivery was delayed.",3,Neutral
"Decent variety of restaurants, but many are currently unavailable.",3,Neutral
"Decent variety of restaurants, but many are currently unavailable.",3,Neutral
"Standard delivery, no issues but no surprises either.",3,Neutral
"Delivery was on time, but the map tracking was a bit glitchy.",3,Neutral
Average experience. The Sandwich was decent but could be better.,3,Neutral
"The food was okay, nothing special but delivery was on time.",3,Neutral
"It's an okay app, does the job but has some minor bugs.",3,Neutral
Everything was fine but the delivery partner took a while to find the apartment.,3,Neutral
"Delivery was on time, but the map tracking was a bit glitchy.",3,Neutral
"Delivery was on time, but the map tracking was a bit glitchy.",3,Neutral
"Standard delivery, no issues but no surprises either.",3,Neutral
"Delivery was on time, but the map tracking was a bit glitchy.",3,Neutral
"The Salad was good, however the portion size was a bit small.",3,Neutral
"The Sandwich was good, however the portion size was a bit small.",3,Neutral
Everything was fine but the delivery partner took a while to find the building.,3,Neutral
"Decent variety of restaurants, but many are currently unavailable.",3,Neutral
"The Dosa was good, however the portion size was a bit small.",3,Neutral
"It's an okay app, does the job but has some minor bugs.",3,Neutral
Everything was fine but the delivery partner took a while to find the landmark.,3,Neutral
"Decent variety of restaurants, but many are currently unavailable.",3,Neutral
Average experience. The Dosa was decent but could be better.,3,Neutral
"The food was okay, nothing special but delivery was right when expected.",3,Neutral
"Standard delivery, no issues but no surprises either.",3,Neutral
"It's an okay app, does the job but has some minor bugs.",3,Neutral
Average experience. The Cold Coffee was decent but could be better.,3,Neutral
"Delivery was on time, but the map tracking was a bit glitchy.",3,Neutral
"The Dosa was good, however the portion size was a bit small.",3,Neutral
Average experience. The Dessert was decent but could be better.,3,Neutral
Everything was fine but the delivery partner took a while to find the landmark.,3,Neutral
"Fairly priced food, but the delivery fee is a bit high.",3,Neutral
"The restaurant forgot the extra tissues, but the main meal was fine.",3,Neutral
"Delivery was on time, but the map tracking was a bit glitchy.",3,Neutral
"Fairly priced food, but the delivery fee is a bit high.",3,Neutral
"Standard delivery, no issues but no surprises either.",3,Neutral
"The Cold Coffee was good, however the portion size was a bit small.",3,Neutral
"The Biryani was good, however the portion size was a bit small.",3,Neutral
"The food was okay, nothing special but delivery was late.",3,Neutral
"Fairly priced food, but the delivery fee is a bit high.",3,Neutral
"The Dessert was good, however the portion size was a bit small.",3,Neutral
"The Sandwich was good, however the portion size was a bit small.",3,Neutral
"Delivery was on time, but the map tracking was a bit glitchy.",3,Neutral
Everything was fine but the delivery partner took a while to find the apartment.,3,Neutral
"It's an okay app, does the job but has some minor bugs.",3,Neutral
Average experience. The Pizza was decent but could be better.,3,Neutral
Everything was fine but the delivery partner took a while to find the apartment.,3,Neutral
"It's an okay app, does the job but has some minor bugs.",3,Neutral
Everything was fine but the delivery partner took a while to find the building.,3,Neutral
"The restaurant forgot the extra tissues, but the main meal was fine.",3,Neutral
"Decent variety of restaurants, but many are currently unavailable.",3,Neutral
Everything was fine but the delivery partner took a while to find the gate.,3,Neutral
"The restaurant forgot the extra ketchup, but the main meal was fine.",3,Neutral
"It's an okay app, does the job but has some minor bugs.",3,Neutral
"Standard delivery, no issues but no surprises either.",3,Neutral
"The restaurant forgot the extra tissues, but the main meal was fine.",3,Neutral
"Decent variety of restaurants, but many are currently unavailable.",3,Neutral
"The Salad was good, however the portion size was a bit small.",3,Neutral
"The Sandwich was good, however the portion size was a bit small.",3,Neutral
"The food was okay, nothing special but delivery was delayed.",3,Neutral
Average experience. The Dessert was decent but could be better.,3,Neutral
"The Sandwich was good, however the portion size was a bit small.",3,Neutral
"The restaurant forgot the extra ketchup, but the main meal was fine.",3,Neutral
"It's an okay app, does the job but has some minor bugs.",3,Neutral
"It's an okay app, does the job but has some minor bugs.",3,Neutral
"The restaurant forgot the extra oregano, but the main meal was fine.",3,Neutral
"Fairly priced food, but the delivery fee is a bit high.",3,Neutral
"The food was okay, nothing special but delivery was late.",3,Neutral
"It's an okay app, does the job but has some minor bugs.",3,Neutral
"The food was okay, nothing special but delivery was right when expected.",3,Neutral
"It's an okay app, does the job but has some minor bugs.",3,Neutral
"The food was okay, nothing special but delivery was on time.",3,Neutral
"The food was okay, nothing special but delivery was right when expected.",3,Neutral
"Delivery was on time, but the map tracking was a bit glitchy.",3,Neutral
"Fairly priced food, but the delivery fee is a bit high.",3,Neutral
"The Dosa was good, however the portion size was a bit small.",3,Neutral
"The restaurant forgot the extra oregano, but the main meal was fine.",3,Neutral
"Standard delivery, no issues but no surprises either.",3,Neutral
"Decent variety of restaurants, but many are currently unavailable.",3,Neutral
"Fairly priced food, but the delivery fee is a bit high.",3,Neutral
"The Pizza was good, however the portion size was a bit small.",3,Neutral
"Standard delivery, no issues but no surprises either.",3,Neutral
"The restaurant forgot the extra spoons, but the main meal was fine.",3,Neutral
Everything was fine but the delivery partner took a while to find the gate.,3,Neutral
Average experience. The Cold Coffee was decent but could be better.,3,Neutral
"Fairly priced food, but the delivery fee is a bit high.",3,Neutral
"The Pasta was good, however the portion size was a bit small.",3,Neutral
Everything was fine but the delivery partner took a while to find the apartment.,3,Neutral
"It's an okay app, does the job but has some minor bugs.",3,Neutral
"The restaurant forgot the extra spoons, but the main meal was fine.",3,Neutral
"It's an okay app, does the job but has some minor bugs.",3,Neutral
"The Dosa was good, however the portion size was a bit small.",3,Neutral
"Decent variety of restaurants, but many are currently unavailable.",3,Neutral
"The Biryani was good, however the portion size was a bit small.",3,Neutral
Everything was fine but the delivery partner took a while to find the gate.,3,Neutral
"The food was okay, nothing special but delivery was late.",3,Neutral
"It's an okay app, does the job but has some minor bugs.",3,Neutral
"Delivery was on time, but the map tracking was a bit glitchy.",3,Neutral
"It's an okay app, does the job but has some minor bugs.",3,Neutral
"Delivery was on time, but the map tracking was a bit glitchy.",3,Neutral
Everything was fine but the delivery partner took a while to find the landmark.,3,Neutral
"Delivery was on time, but the map tracking was a bit glitchy.",3,Neutral
"The restaurant forgot the extra oregano, but the main meal was fine.",3,Neutral
Average experience. The Salad was decent but could be better.,3,Neutral
"The restaurant forgot the extra oregano, but the main meal was fine.",3,Neutral
"The Cold Coffee was good, however the portion size was a bit small.",3,Neutral
"Fairly priced food, but the delivery fee is a bit high.",3,Neutral
Average experience. The Pasta was decent but could be better.,3,Neutral
"The Salad was good, however the portion size was a bit small.",3,Neutral
"It's an okay app, does the job but has some minor bugs.",3,Neutral
"The Dosa was good, however the portion size was a bit small.",3,Neutral
Average experience. The Dessert was decent but could be better.,3,Neutral
"Delivery was on time, but the map tracking was a bit glitchy.",3,Neutral
"The Biryani was good, however the portion size was a bit small.",3,Neutral
Average experience. The Dessert was decent but could be better.,3,Neutral
"The Pizza was good, however the portion size was a bit small.",3,Neutral
"The restaurant forgot the extra spoons, but the main meal was fine.",3,Neutral
"It's an okay app, does the job but has some minor bugs.",3,Neutral
"The Pizza was good, however the portion size was a bit small.",3,Neutral
"Delivery was on time, but the map tracking was a bit glitchy.",3,Neutral
Average experience. The Cold Coffee was decent but could be better.,3,Neutral
Everything was fine but the delivery partner took a while to find the apartment.,3,Neutral
"The restaurant forgot the extra ketchup, but the main meal was fine.",3,Neutral
"Fairly priced food, but the delivery fee is a bit high.",3,Neutral
"The food was okay, nothing special but delivery was right when expected.",3,Neutral
"Decent variety of restaurants, but many are currently unavailable.",3,Neutral
Everything was fine but the delivery partner took a while to find the apartment.,3,Neutral
"The food was okay, nothing special but delivery was right when expected.",3,Neutral
Everything was fine but the delivery partner took a while to find the landmark.,3,Neutral
"The restaurant forgot the extra oregano, but the main meal was fine.",3,Neutral
"The Dosa was good, however the portion size was a bit small.",3,Neutral
Everything was fine but the delivery partner took a while to find the landmark.,3,Neutral
"The Pasta was good, however the portion size was a bit small.",3,Neutral
"Standard delivery, no issues but no surprises either.",3,Neutral
"Delivery was on time, but the map tracking was a bit glitchy.",3,Neutral
"Standard delivery, no issues but no surprises either.",3,Neutral
"Delivery was on time, but the map tracking was a bit glitchy.",3,Neutral
"The food was okay, nothing special but delivery was delayed.",3,Neutral
"Decent variety of restaurants, but many are currently unavailable.",3,Neutral
"Fairly priced food, but the delivery fee is a bit high.",3,Neutral
"Delivery was on time, but the map tracking was a bit glitchy.",3,Neutral
"Delivery was on time, but the map tracking was a bit glitchy.",3,Neutral
"The Dessert was good, however the portion size was a bit small.",3,Neutral
"Delivery was on time, but the map tracking was a bit glitchy.",3,Neutral
"The food was okay, nothing special but delivery was on time.",3,Neutral
"The Cold Coffee was good, however the portion size was a bit small.",3,Neutral
Everything was fine but the delivery partner took a while to find the gate.,3,Neutral
Average experience. The Cold Coffee was decent but could be better.,3,Neutral
"Standard delivery, no issues but no surprises either.",3,Neutral
"The restaurant forgot the extra tissues, but the main meal was fine.",3,Neutral
"It's an okay app, does the job but has some minor bugs.",3,Neutral
Everything was fine but the delivery partner took a while to find the landmark.,3,Neutral
Everything was fine but the delivery partner took a while to find the landmark.,3,Neutral
"Fairly priced food, but the delivery fee is a bit high.",3,Neutral
"Standard delivery, no issues but no surprises either.",3,Neutral
"The food was okay, nothing special but delivery was delayed.",3,Neutral
Average experience. The Salad was decent but could be better.,3,Neutral
"Standard delivery, no issues but no surprises either.",3,Neutral
Average experience. The Dessert was decent but could be better.,3,Neutral
"Decent variety of restaurants, but many are currently unavailable.",3,Neutral
"Delivery was on time, but the map tracking was a bit glitchy.",3,Neutral
"Fairly priced food, but the delivery fee is a bit high.",3,Neutral
"Decent variety of restaurants, but many are currently unavailable.",3,Neutral
"The Sandwich was good, however the portion size was a bit small.",3,Neutral
"The restaurant forgot the extra spoons, but the main meal was fine.",3,Neutral
"The restaurant forgot the extra ketchup, but the main meal was fine.",3,Neutral
"The restaurant forgot the extra spoons, but the main meal was fine.",3,Neutral
"The Sandwich was good, however the portion size was a bit small.",3,Neutral
"Delivery was on time, but the map tracking was a bit glitchy.",3,Neutral
"The Dessert was good, however the portion size was a bit small.",3,Neutral
Average experience. The Pizza was decent but could be better.,3,Neutral
Average experience. The Cold Coffee was decent but could be better.,3,Neutral
"Decent variety of restaurants, but many are currently unavailable.",3,Neutral
"The food was okay, nothing special but delivery was on time.",3,Neutral
Average experience. The Dessert was decent but could be better.,3,Neutral
"Fairly priced food, but the delivery fee is a bit high.",3,Neutral
"It's an okay app, does the job but has some minor bugs.",3,Neutral
Average experience. The Dessert was decent but could be better.,3,Neutral
Everything was fine but the delivery partner took a while to find the gate.,3,Neutral
"The restaurant forgot the extra spoons, but the main meal was fine.",3,Neutral
"Fairly priced food, but the delivery fee is a bit high.",3,Neutral
"Delivery was on time, but the map tracking was a bit glitchy.",3,Neutral
"The food was okay, nothing special but delivery was right when expected.",3,Neutral
"Standard delivery, no issues but no surprises either.",3,Neutral
"Fairly priced food, but the delivery fee is a bit high.",3,Neutral
"Decent variety of restaurants, but many are currently unavailable.",3,Neutral
"It's an okay app, does the job but has some minor bugs.",3,Neutral
"Decent variety of restaurants, but many are currently unavailable.",3,Neutral
"Delivery was on time, but the map tracking was a bit glitchy.",3,Neutral
"Standard delivery, no issues but no surprises either.",3,Neutral
Everything was fine but the delivery partner took a while to find the building.,3,Neutral
"Standard delivery, no issues but no surprises either.",3,Neutral
"Standard delivery, no issues but no surprises either.",3,Neutral
"It's an okay app, does the job but has some minor bugs.",3,Neutral
Everything was fine but the delivery partner took a while to find the building.,3,Neutral
Average experience. The Salad was decent but could be better.,3,Neutral
Everything was fine but the delivery partner took a while to find the gate.,3,Neutral
"Standard delivery, no issues but no surprises either.",3,Neutral
Everything was fine but the delivery partner took a while to find the landmark.,3,Neutral
"Decent variety of restaurants, but many are currently unavailable.",3,Neutral
"The restaurant forgot the extra tissues, but the main meal was fine.",3,Neutral
"The food was okay, nothing special but delivery was right when expected.",3,Neutral
"Standard delivery, no issues but no surprises either.",3,Neutral
"Standard delivery, no issues but no surprises either.",3,Neutral
"It's an okay app, does the job but has some minor bugs.",3,Neutral
"Decent variety of restaurants, but many are currently unavailable.",3,Neutral
"The Dosa was good, however the portion size was a bit small.",3,Neutral
"It's an okay app, does the job but has some minor bugs.",3,Neutral
"The restaurant forgot the extra ketchup, but the main meal was fine.",3,Neutral
"The restaurant forgot the extra ketchup, but the main meal was fine.",3,Neutral
Everything was fine but the delivery partner took a while to find the apartment.,3,Neutral
"Delivery was on time, but the map tracking was a bit glitchy.",3,Neutral
Average experience. The Pasta was decent but could be better.,3,Neutral
"Decent variety of restaurants, but many are currently unavailable.",3,Neutral
"Fairly priced food, but the delivery fee is a bit high.",3,Neutral
"Fairly priced food, but the delivery fee is a bit high.",3,Neutral
"The food was okay, nothing special but delivery was delayed.",3,Neutral
"Decent variety of restaurants, but many are currently unavailable.",3,Neutral
"Decent variety of restaurants, but many are currently unavailable.",3,Neutral
"The restaurant forgot the extra ketchup, but the main meal was fine.",3,Neutral
"Fairly priced food, but the delivery fee is a bit high.",3,Neutral
"The Dessert was good, however the portion size was a bit small.",3,Neutral
"Delivery was on time, but the map tracking was a bit glitchy.",3,Neutral
"Standard delivery, no issues but no surprises either.",3,Neutral
"It's an okay app, does the job but has some minor bugs.",3,Neutral
"The restaurant forgot the extra oregano, but the main meal was fine.",3,Neutral
Everything was fine but the delivery partner took a while to find the building.,3,Neutral
"Standard delivery, no issues but no surprises either.",3,Neutral
"The food was okay, nothing special but delivery was early.",3,Neutral
"Decent variety of restaurants, but many are currently unavailable.",3,Neutral
"The food was okay, nothing special but delivery was on time.",3,Neutral
"Fairly priced food, but the delivery fee is a bit high.",3,Neutral
"The restaurant forgot the extra tissues, but the main meal was fine.",3,Neutral
"The Salad was good, however the portion size was a bit small.",3,Neutral
"Standard delivery, no issues but no surprises either.",3,Neutral
Everything was fine but the delivery partner took a while to find the landmark.,3,Neutral
"It's an okay app, does the job but has some minor bugs.",3,Neutral
"Delivery was on time, but the map tracking was a bit glitchy.",3,Neutral
"The Pizza was good, however the portion size was a bit small.",3,Neutral
"Delivery was on time, but the map tracking was a bit glitchy.",3,Neutral
Everything was fine but the delivery partner took a while to find the building.,3,Neutral
"Standard delivery, no issues but no surprises either.",3,Neutral
"The food was okay, nothing special but delivery was right when expected.",3,Neutral
"The Pasta was good, however the portion size was a bit small.",3,Neutral
"The food was okay, nothing special but delivery was right when expected.",3,Neutral
"Decent variety of restaurants, but many are currently unavailable.",3,Neutral
"It's an okay app, does the job but has some minor bugs.",3,Neutral
"Decent variety of restaurants, but many are currently unavailable.",3,Neutral
"The restaurant forgot the extra ketchup, but the main meal was fine.",3,Neutral
"The restaurant forgot the extra oregano, but the main meal was fine.",3,Neutral
Everything was fine but the delivery partner took a while to find the gate.,3,Neutral
"It's an okay app, does the job but has some minor bugs.",3,Neutral
"It's an okay app, does the job but has some minor bugs.",3,Neutral
"Standard delivery, no issues but no surprises either.",3,Neutral
"The food was okay, nothing special but delivery was early.",3,Neutral
"Fairly priced food, but the delivery fee is a bit high.",3,Neutral
"Fairly priced food, but the delivery fee is a bit high.",3,Neutral
"The Sandwich was good, however the portion size was a bit small.",3,Neutral
